<?xml version="1.0" encoding="UTF-8" standalone="yes"?>
<addon id="plugin.program.advancedsettings"
       name="Easy Advanced Settings"
       version="0.8.9"
       provider-name="kinkin+Ike">
    <requires>
        <import addon="xbmc.python" version="2.1.0"/>
    </requires>
    <extension point="xbmc.python.pluginsource"
               	library="default.py">
        <provides>video executable</provides>
    </extension>
    <extension point="xbmc.addon.metadata">
        <platform>all</platform>
        <summary>Create, view, edit and delete your advancedsettings.xml file in a user-friendly gui</summary>
        <description>Fix Buffer Em Kodi 

Valores : 
Cachemembuffersize: 157286400

Buffermode  : 1

Readbufferfactor : 20</description>
        <platform>all</platform>
        <language>en</language>
        <license>GNU GENERAL PUBLIC LICENSE</license>
        <forum></forum>
        <website></website>
        <source></source>
        <email></email>
    </extension>
	
</addon>
