<?xml version="1.0" encoding="UTF-8" standalone="yes"?>
<addon id="skin.ike" name="[COLOR white]Skin.Ike[/COLOR]" version="1.0.7" provider-name="[COLOR blue]Ike[/COLOR]">
  <requires>
    <import addon="xbmc.python" version="2.1.0"/>
  </requires>
  <extension point="xbmc.python.pluginsource" library="default.py">
        <provides>program executable</provides>
  </extension>
  <extension point="xbmc.addon.metadata">
    <summary lang="en">SKIN.IKE</summary>
    <description lang="en">SKIN.IKE</description>
    <platform>all</platform>
  </extension>
</addon>
