<?xml version="1.0" encoding="UTF-8" standalone="yes"?>
<addon id="phenon" name="[COLOR cyan]Phenon.Ike[/COLOR]" version="1.0.6" provider-name="[COLOR wite]Ike[/COLOR]">
  <requires>
    <import addon="xbmc.python" version="2.1.0"/>
  </requires>
  <extension point="xbmc.python.pluginsource" library="default.py">
        <provides>program executable</provides>
  </extension>
  <extension point="xbmc.addon.metadata">
    <summary lang="en">PHENON.IKE</summary>
    <description lang="en">PHENON.IKE</description>
    <platform>all</platform>
  </extension>
</addon>
