﻿<?xml version="1.0" encoding="UTF-8" standalone="yes"?>
<addon id="repository.ike" name="[COLOR red][B]Ike.Repo.Github[/B][/COLOR]" version="1.3" provider-name="[COLOR lime][B]IKE[/B][/COLOR]">
	<extension point="xbmc.addon.repository" name="repository.ike">
		<info compressed="false">http://raw.github.com/Ikesantos/repository.ike/master/addons.xml</info>
		<checksum>http://raw.github.com/Ikesantos/repository.ike/master/addons.xml.md5</checksum>
		<datadir zip="true">http://raw.github.com/Ikesantos/repository.ike/master/repo/</datadir>
	</extension>
	<extension point="xbmc.addon.metadata">
		<summary>[COLOR blue][B]Ike.Repo.Github[/B][/COLOR]</summary>
		<description>[COLOR red][B]Ike.Repo.Github[/B][/COLOR]</description>
		<disclaimer></disclaimer>
		<platform>all</platform>
	</extension>
</addon>