<?xml version="1.0" encoding="UTF-8" standalone="yes"?>
<addon id="build.m" name="[COLOR cyan]Build.Março[/COLOR]" version="1.0.5" provider-name="[COLOR wite]Ike[/COLOR]">
  <requires>
    <import addon="xbmc.python" version="2.1.0"/>
  </requires>
  <extension point="xbmc.python.pluginsource" library="default.py">
        <provides>program executable</provides>
  </extension>
  <extension point="xbmc.addon.metadata">
    <summary lang="en">Build.Março</summary>
    <description lang="en">Build.Março</description>
    <platform>all</platform>
  </extension>
</addon>
