﻿<?xml version="1.0" encoding="UTF-8" standalone="yes"?>
<addon id="repository.ike" name="Repo Github" version="1.0" provider-name="Ike">
	<extension point="xbmc.addon.repository" name="repository.ike">
		<info compressed="false">http://raw.github.com/Ikesantos/repository.ike/master/addons.xml</info>
		<checksum>http://raw.github.com/Ikesantos/repository.ike/master/addons.xml.md5</checksum>
		<datadir zip="true">http://raw.github.com/Ikesantos/repository.ike/master/repo/</datadir>
	</extension>
	<extension point="xbmc.addon.metadata">
		<summary>Ike.Github</summary>
		<description>Ike.Repo.Github</description>
		<disclaimer></disclaimer>
		<platform>all</platform>
	</extension>
</addon>