﻿<?xml version="1.0" encoding="UTF-8" standalone="yes"?>
<addon id="repository.ike" name="[COLOR red][B]Ike.Repo[/B][/COLOR]" version="2.1" provider-name="[COLOR lime][B]IKE[/B][/COLOR]">
	<extension point="xbmc.addon.repository" name="repository.ike">
		<info compressed="false">http://ikesuncat.net23.net/Ike.Repo/addons.xml</info>
		<checksum>http://ikesuncat.net23.net/Ike.Repo/addons.xml.md5</checksum>
		<datadir zip="true">http://ikesuncat.net23.net/Ike.Repo/Plugins/</datadir>
	</extension>
	<extension point="xbmc.addon.metadata">
		<summary>[COLOR blue][B]Ike.Repo[/B][/COLOR]</summary>
		<description>[COLOR red][B]Ike.Repo[/B][/COLOR]</description>
		<disclaimer></disclaimer>
		<platform>all</platform>
	</extension>
</addon>