<?xml version="1.0" encoding="UTF-8"?>
<includes>
	<default type="button">
		<pulseonselect>false</pulseonselect>
		<align>center</align>
		<textcolor>grey_b</textcolor>
		<focusedcolor>white</focusedcolor>
		<disabledcolor>grey_a</disabledcolor>
		<invalidcolor>red</invalidcolor>
		<aligny>center</aligny>
		<texturefocus colordiffuse="$VAR[main_color]">white.png</texturefocus>
		<texturenofocus>-</texturenofocus>
		<label>-</label>
		<font>font-20</font>
		<height>52</height>
		<width>1330</width>
	</default>
	<default type="edit">
		<posx>450</posx>
		<posy>300</posy>
		<width>450</width>
		<height>45</height>
		<texturefocus>-</texturefocus>
		<texturenofocus>-</texturenofocus>
		<font>font-20</font>
		<textcolor>white</textcolor>
		<disabledcolor>grey_a</disabledcolor>
		<invalidcolor>red</invalidcolor>
		<textoffsetx>10</textoffsetx>
		<aligny>center</aligny>
		<pulseonselect>true</pulseonselect>
	</default>
	<default type="fadelabel">
		<posx>120</posx>
		<posy>90</posy>
		<font>font-20</font>
		<textcolor>white</textcolor>
	</default>
	<default type="image">
		<posx>0</posx>
		<posy>0</posy>
		<texture background="true">-</texture>
		<colorkey>0</colorkey>
	</default>
	<default type="label">
		<posx>120</posx>
		<posy>90</posy>
		<label>-</label>
		<font>font-20</font>
		<textcolor>white</textcolor>
		<scrollsuffix>     -     </scrollsuffix>
	</default>
	<default type="mover">
		<posx>90</posx>
		<posy>288</posy>
		<texturefocus border="7">list-focus.png</texturefocus>
		<texturenofocus border="7">list-nofocus.png</texturenofocus>
	</default>
	<default type="progress">
		<posx>150</posx>
		<posy>488</posy>
		<texturebg border="1,0,1,0" colordiffuse="darkgrey">osd/5.png</texturebg>
		<midtexture border="1,0,1,0" colordiffuse="$VAR[main_color]">osd/5.png</midtexture>
		<lefttexture>-</lefttexture>
		<righttexture>-</righttexture>
		<overlaytexture />
	</default>
	<default type="radiobutton">
		<posx>450</posx>
		<posy>300</posy>
		<width>1320</width>
		<height>52</height>
		<radiowidth>44</radiowidth>
		<radioheight>42</radioheight>
		<textureradioonfocus colordiffuse="$VAR[main_color]">dialogs/on.png</textureradioonfocus>
		<textureradioonnofocus  colordiffuse="$VAR[main_color]">dialogs/on.png</textureradioonnofocus>
		<textureradioofffocus>dialogs/off.png</textureradioofffocus>
		<textureradiooffnofocus>dialogs/off.png</textureradiooffnofocus>
		<texturefocus>dialogs/grey1.png</texturefocus>
		<texturenofocus>-</texturenofocus>
		<textureradioondisabled colordiffuse="$VAR[main_color]">dialogs/on.png</textureradioondisabled>
		<textureradiooffdisabled>dialogs/off.png</textureradiooffdisabled>
		<label>-</label>
		<font>font-20</font>
		<textcolor>white</textcolor>
		<focusedcolor>white</focusedcolor>
		<disabledcolor>darkgrey</disabledcolor>
		<textoffsetx>10</textoffsetx>
		<aligny>center</aligny>
		<pulseonselect>false</pulseonselect>
	</default>
	<default type="resize">
		<posx>90</posx>
		<posy>288</posy>
		<texturefocus>calibrate/CalibratePixelRatioFO.png</texturefocus>
		<texturenofocus>calibrate/CalibratePixelRatioNF.png</texturenofocus>
	</default>
	<default type="selectbutton">
		<posx>735</posx>
		<posy>502</posy>
		<width>450</width>
		<height>52</height>
		<label>-</label>
		<font>font-20</font>
		<texturefocus>-</texturefocus>
		<texturenofocus>-</texturenofocus>
		<texturebg border="7">list-focus.png</texturebg>
		<textureleft>scroll-left.png</textureleft>
		<textureleftfocus>scroll-left-focus.png</textureleftfocus>
		<textureright>scroll-right.png</textureright>
		<texturerightfocus>scroll-right-focus.png</texturerightfocus>
		<textcolor>white</textcolor>
		<disabledcolor>darkgrey</disabledcolor>
		<aligny>center</aligny>
		<pulseonselect>false</pulseonselect>
	</default>
	<default type="slider">
		<controloffsetx>75</controloffsetx>
		<controloffsety>0</controloffsety>
	</default>
	<default type="sliderex">
		<height>45</height>
		<textoffsetx>10</textoffsetx>
		<aligny>center</aligny>

		<sliderwidth>150</sliderwidth>
		<sliderheight>20</sliderheight>
		<texturesliderbar>osd/2.png</texturesliderbar>
		<textureslidernib>osd/3.png</textureslidernib>
		<textureslidernibfocus>osd/3.png</textureslidernibfocus>
		<font>font-20</font>
		<textcolor>white</textcolor>
		<focusedcolor>white</focusedcolor>
		<disabledcolor>darkgrey</disabledcolor>
	</default>
	<default type="spincontrol">
		<posx>495</posx>
		<posy>189</posy>
		<textureup colordiffuse="grey">main/arrowup.png</textureup>
		<texturedown colordiffuse="grey">main/arrowdown.png</texturedown>
		<textureupfocus colordiffuse="$VAR[main_color]">main/arrowup.png</textureupfocus>
		<texturedownfocus colordiffuse="$VAR[main_color]">main/arrowdown.png</texturedownfocus>
		<textureupdisabled colordiffuse="grey">main/arrowup.png</textureupdisabled>
		<texturedowndisabled colordiffuse="grey">main/arrowdown.png</texturedowndisabled>
		<align>right</align>
		<width>50</width>
		<height>33</height>
		<font>font-20</font>
		<reverse>yes</reverse>
		<textcolor>white</textcolor>
		<disabledcolor>darkgrey</disabledcolor>
		<subtype>text</subtype>
		<textoffsetx>-8</textoffsetx>
		<textoffsety>0</textoffsety>
		<pulseonselect>true</pulseonselect>
	</default>
	<default type="spincontrolex">
		<posx>795</posx>
		<posy>240</posy>
		<width>450</width>
		<height>45</height>
		<spinwidth>64</spinwidth>
		<spinheight>55</spinheight>
		<texturefocus>-</texturefocus>
		<texturenofocus>-</texturenofocus>
		<textureup colordiffuse="grey">main/arrowup.png</textureup>
		<texturedown colordiffuse="grey">main/arrowdown.png</texturedown>
		<textureupfocus colordiffuse="$VAR[main_color]">main/arrowup.png</textureupfocus>
		<texturedownfocus colordiffuse="$VAR[main_color]">main/arrowdown.png</texturedownfocus>
		<textureupdisabled colordiffuse="grey">main/arrowup.png</textureupdisabled>
		<texturedowndisabled colordiffuse="grey">main/arrowdown.png</texturedowndisabled>
		<font>font-20</font>
		<textcolor>white</textcolor>
		<disabledcolor>darkgrey</disabledcolor>
		<textoffsetx>10</textoffsetx>
		<aligny>center</aligny>
		<reverse>yes</reverse>
		<pulseonselect>false</pulseonselect>
	</default>
	<default type="textbox">
		<posx>330</posx>
		<posy>330</posy>
		<width>615</width>
		<height>322</height>
		<textcolor>white</textcolor>
		<font>font-20</font>
	</default>
	<default type="togglebutton">
		<posx>210</posx>
		<posy>250</posy>
		<width>45</width>
		<height>45</height>
		<texturefocus colordiffuse="$VAR[main_color]">main/arrowup.png</texturefocus>
		<texturenofocus colordiffuse="grey">main/arrowup.png</texturenofocus>
		<alttexturefocus colordiffuse="$VAR[main_color]">main/arrowdown.png</alttexturefocus>
		<alttexturenofocus colordiffuse="grey">main/arrowdown.png</alttexturenofocus>
		<textcolor>white</textcolor>
		<label>-</label>
		<font>font-20</font>
		<disabledcolor>darkgrey</disabledcolor>
		<pulseonselect>false</pulseonselect>
	</default>
</includes>
