<?xml version="1.0" encoding="UTF-8"?>
<window>
	<controls>
			<control type="group">
				<posx>645</posx>
				<visible>![Window.IsVisible(startup) | Window.IsVisible(InfoDialog) | Window.IsVisible(BusyDialog) | Window.IsVisible(SliderDialog) | Window.IsVisible(VolumeBar) | Window.IsVisible(Seekbar) | Window.IsVisible(FullscreenVideo)]</visible>
				<animation effect="slide" start="0,-80" end="0,0" tween="circle" easing="out" delay="400" time="300">WindowOpen</animation>
				<animation effect="slide" start="0,0" end="0,-80" delay="0" time="300">WindowClose</animation>
				<control type="image">
					<posx>0</posx>
					<posy>0</posy>
					<width>630</width>
					<height>80</height>
					<texture colordiffuse="black" diffuse="glass.jpg" background="true">main/tab.png</texture>
					<bordertexture colordiffuse="$VAR[main_color]">main/tab_stroke.png</bordertexture>
					<bordersize>1,0,1,1</bordersize>
				</control>
			<control type="progress" id="32">
				<description>progress control</description>
				<posx>35</posx>
				<posy>60</posy>
				<width>560</width>
				<height>15</height>
			</control>
			<control type="label" id="30">
				<description>heading label</description>
				<posx>35</posx>
				<posy>0</posy>
				<width>560</width>
				<height>24</height>
				<align>center</align>
				<font>font-18</font>
				<textcolor>$VAR[main_color]</textcolor>
			</control>
			<control type="label" id="31">
				<description>Current Title Label</description>
				<posx>35</posx>
				<posy>30</posy>
				<width>560</width>
				<height>24</height>
				<align>center</align>
				<font>font-18</font>
				<scroll>true</scroll>
				<textcolor>grey_b</textcolor>
			</control>
		</control>
	</controls>
</window>
