<?xml version="1.0" encoding="UTF-8"?>
<window>
	<defaultcontrol always="true">11</defaultcontrol>
	<controls>
		<include>fade_screen_grey</include>
		<control type="group">
			<posx>410</posx>
			<posy>80</posy>
			<include>dialog_zoom_animation</include>
			<animation effect="fade" start="100" end="0" time="200" condition="Window.IsVisible(SliderDialog) | Window.IsVisible(pvrguideinfo)">conditional</animation>
			<include name="big_dialog">
				<param name="info_posy" value="2000" />
				<param name="width" value="1100"/>
				<param name="content_posy" value="80" />
				<param name="content_height" value="880" />
				<param name="bottom_posy" value="2000"/>
			</include> 
			<control type="label">
				<description>heading label</description>
				<posx>0</posx>
				<posy>20</posy>
				<width>1200</width>
				<height>45</height>
				<align>center</align>
				<aligny>center</aligny>
				<font>font-30</font>
				<textcolor>white</textcolor>
				<label>$LOCALIZE[19222] - $INFO[VideoPlayer.ChannelName]</label>
			</control>
			<!-- <control type="label">
				<posx>1100</posx>
				<posy>90</posy>
				<width>1080</width>
				<height>30</height>
				<align>right</align>
				<aligny>center</aligny>
				<font>font-20</font>
				<label>$INFO[Container(11).ListItem.StartDate]</label>
				<textcolor>white</textcolor>
			</control> -->
			<control type="list" id="11">
				<description>control area</description>
				<posx>15</posx>
				<posy>128</posy>
				<width>1050</width>
				<height>800</height>
				<itemgap>0</itemgap>
				<pagecontrol>60</pagecontrol>
				<onleft>60</onleft>
				<onright>60</onright>
				<ondown>11</ondown>
				<onup>11</onup>
				<itemlayout width="1065" height="44">
					<control type="image">
						<posx>15</posx>
						<posy>10</posy>
						<width>25</width>
						<height>25</height>
						<texture colordiffuse="red" diffuse="circle.png">white.png</texture>
						<visible>ListItem.IsRecording</visible>
					</control>
					<control type="image">
						<posx>15</posx>
						<posy>10</posy>
						<width>25</width>
						<height>25</height>
						<texture colordiffuse="grey_a" diffuse="circle.png">white.png</texture>
						<visible>ListItem.HasTimer</visible>
					</control>
					<control type="label">
						<posx>75</posx>
						<posy>0</posy>
						<width>750</width>
						<height>45</height>
						<font>font-20</font>
						<align>left</align>
						<aligny>center</aligny>
						<selectedcolor>$VAR[main_color]</selectedcolor>
						<label>$INFO[ListItem.StartTime]</label>
					</control>
					<control type="label">
						<posx>300</posx>
						<posy>0</posy>
						<width>750</width>
						<height>45</height>
						<font>font-20</font>
						<align>right</align>
						<aligny>center</aligny>
						<selectedcolor>$VAR[main_color]</selectedcolor>
						<label>$INFO[ListItem.Label]</label>
					</control>
				</itemlayout>
				<focusedlayout width="1065" height="44">
					<control type="image">
						<posx>0</posx>
						<posy>0</posy>
						<width>1065</width>
						<height>45</height>
						<texture background="true" colordiffuse="$VAR[main_color]">white.png</texture>
						<visible>Control.HasFocus(11)</visible>
					</control>
					<control type="image">
						<posx>15</posx>
						<posy>10</posy>
						<width>25</width>
						<height>25</height>
						<texture colordiffuse="red" diffuse="circle.png">white.png</texture>
						<visible>ListItem.IsRecording</visible>
					</control>
					<control type="image">
						<posx>15</posx>
						<posy>10</posy>
						<width>25</width>
						<height>25</height>
						<texture colordiffuse="grey_a" diffuse="circle.png">white.png</texture>
						<visible>ListItem.HasTimer</visible>
					</control>
					<control type="label">
						<posx>75</posx>
						<posy>0</posy>
						<width>750</width>
						<height>45</height>
						<font>font-20</font>
						<align>left</align>
						<aligny>center</aligny>
						<textcolor>white</textcolor>
						<selectedcolor>gold</selectedcolor>
						<label>$INFO[ListItem.StartTime]</label>
					</control>
					<control type="label">
						<posx>300</posx>
						<posy>0</posy>
						<width>750</width>
						<height>45</height>
						<font>font-20</font>
						<align>right</align>
						<aligny>center</aligny>
						<textcolor>white</textcolor>
						<selectedcolor>gold</selectedcolor>
						<label>$INFO[ListItem.Label]</label>
					</control>
				</focusedlayout>
			</control>

			<control type="scrollbar" id="60">
				<description>Next page button</description>
				<posx>1078</posx>
				<posy>128</posy>
				<width>10</width>
				<height>800</height>
				<texturesliderbackground colordiffuse="grey_b">white.png</texturesliderbackground>
				<texturesliderbar colordiffuse="grey_a">white.png</texturesliderbar>
				<texturesliderbarfocus colordiffuse="$VAR[main_color]">white.png</texturesliderbarfocus>
				<textureslidernib colordiffuse="grey_a">white.png</textureslidernib>
				<textureslidernibfocus colordiffuse="white">white.png</textureslidernibfocus>
				<orientation>vertical</orientation>
				<showonepage>false</showonepage>
				<onleft>11</onleft>
				<onright>11</onright>
				<ondown>60</ondown>
				<onup>60</onup>
			</control>
		</control>
	</controls>
</window>
