<?xml version="1.0" encoding="UTF-8"?>
<window>
	<defaultcontrol always="true">9000</defaultcontrol>
	
	<onload condition="Container.Content(artists)">RunScript(script.extendedinfo,info=artistdetails,artistname='$ESCINFO[ListItem.Artist]',silent=False)</onload>
	<controls>
		<control type="image">
			<posx>0</posx>
			<posy>0</posy>
			<width>1920</width>
			<height>1080</height>
			<texture background="true" colordiffuse="grey_50">white.png</texture>
			<bordertexture colordiffuse="grey">white.png</bordertexture>	
			<bordersize>2</bordersize>
			<animation effect="fade" start="0" end="100" time="300">WindowOpen</animation>
			<animation effect="fade" start="70" end="0" time="300">WindowClose</animation>
			<!-- <visible>!Window.IsVisible(SongInformation)</visible> -->
		</control>
		<control type="image">
			<posx>0</posx>
			<posy>0</posy>
			<width>1920</width>
			<height>1080</height>
			<texture background="true">$INFO[ListItem.Art(fanart)]</texture>
			<animation effect="fade" start="100" end="10" time="0">WindowOpen</animation>
		</control>
		<control type="group">
			<control type="image">
				<posx>2</posx>
				<posy>100</posy>
				<width>1916</width>
				<height>2</height>
				<texture background="true">white.png</texture>
				<animation effect="slide" start="-2000,0" end="0,0" tween="sine" easing="out" time="300">WindowOpen</animation>
				<animation effect="slide" start="0,0" end="-2000,0" tween="sine" time="400">WindowClose</animation>
			</control>
			<control type="image">
				<posx>2</posx>
				<posy>350</posy>
				<width>1916</width>
				<height>2</height>
				<texture background="true">white.png</texture>
				<animation effect="slide" start="-2000,0" end="0,0" tween="sine" easing="out" time="300">WindowOpen</animation>
				<animation effect="slide" start="0,0" end="-2000,0" tween="sine" time="400">WindowClose</animation>
			</control>
			<control type="image">
				<right>20</right>
				<posy>120</posy>
				<width>213</width>
				<height>213</height>
				<aspectratio aligny="top">keep</aspectratio>
				<texture background="true" fallback="special://skin/extras/cdart/default.png">$INFO[ListItem.FileNameAndPath,,/cdart.png]</texture>
				<animation effect="slide" start="0,0" end="0,-100" time="500">WindowOpen</animation>
				<visible>Container.Content(albums)</visible>
			</control>
			<control type="image">
				<posx>20</posx>
				<posy>120</posy>
				<width>400</width>
				<height>155</height>
				<aspectratio>keep</aspectratio>
				<texture background="true" fallback="">$INFO[Skin.String(music_path)]$INFO[ListItem.Artist,,/logo.png]</texture>
				<animation effect="slide" start="-500,0" end="0,0" tween="sine" easing="out" time="300">WindowOpen</animation>
				<animation effect="slide" start="0,0" end="-500,0" tween="sine" time="400">WindowClose</animation>
				<visible>Container.Content(albums)</visible>
			</control>
			<control type="image">
				<posx>20</posx>
				<posy>120</posy>
				<width>400</width>
				<height>155</height>
				<aspectratio>keep</aspectratio>
				<texture background="true">$INFO[ListItem.Path]$INFO[ListItem.Artist,,/logo.png]</texture>
				<animation effect="slide" start="-500,0" end="0,0" tween="sine" easing="out" time="300">WindowOpen</animation>
				<animation effect="slide" start="0,0" end="-500,0" tween="sine" time="400">WindowClose</animation>
				<visible>Container.Content(artists)</visible>
			</control>
			<!-- in Artist $INFO[ListItem.Path]$INFO[ListItem.Artist,,/logo.png] - -->
			<!-- in Albums $INFO[ListItem.FileNameAndPath,,/cdart.png] -->
			<control type="image">
				<right>20</right>
				<posy>120</posy>
				<width>213</width>
				<height>213</height>
				<aspectratio>keep</aspectratio>
				<texture background="true">$INFO[ListItem.Icon]</texture>
			</control>
			<control type="label">
				<description>Title value</description>
				<posx>60</posx>
				<posy>30</posy>
				<width>1920</width>
				<height>60</height>
				<align>center</align>
				<aligny>center</aligny>
				<textcolor>white</textcolor>
				<label>$INFO[ListItem.Artist] - $INFO[ListItem.Title]</label>
				<font>font-40</font>
			</control>
			<!-- Twitter overlay -->
			<control type="image">
				<posx>2</posx>
				<bottom>2</bottom>
				<width>1916</width>
				<height>60</height>
				<texture background="true">main/widget_title.png</texture>
			</control>


		</control>
		<control type="group">

			<!-- Controls -->
			<control type="grouplist" id="9000">		
				<posx>50</posx>
				<posy>295</posy>
				<align>center</align>
				<width>1870</width>
				<height>100</height>
				<itemgap>10</itemgap>
				<orientation>Horizontal</orientation>
				<onup>9500</onup>
				<ondown>9500</ondown>
				<onleft>9000</onleft>
				<onright>9000</onright>
				<animation effect="slide" start="-2000,0" end="0,0" tween="sine" easing="out" time="300">WindowOpen</animation>
				<animation effect="slide" start="0,0" end="-2000,0" tween="sine" time="400">WindowClose</animation>
				<control type="button" id="6">
					<description>Refresh</description>
					<width>213</width>
					<height>52</height>
					<label>184</label>
				</control>

				<control type="button" id="13">
					<description>Get Thumb</description>
					<width>213</width>
					<height>52</height>
					<label>13405</label>
				</control>
				<control type="button" id="12">
					<description>Album Info</description>
					<width>213</width>
					<height>52</height>
					<label>10523</label>
				</control>
				<control type="button" id="16">
					<description>Search YouTube</description>
					<width>213</width>
					<height>52</height>
					<label>31037</label>
					<onclick>Dialog.Close(all,true)</onclick>
					<onclick>ActivateWindow(videos,plugin://plugin.video.youtube/kodion/search/query/?q=$INFO[ListItem.Artist] $INFO[ListItem.Title],return)</onclick>
				</control>
			</control>

			<!-- Thumb -->
			<control type="image">
				<description>Fanart</description>
				<posx>160</posx>
				<posy>360</posy><!--870-->
				<width>1600</width>
				<height>655</height>
				<texture background="true">$INFO[ListItem.Icon]</texture>
				<aspectratio>keep</aspectratio>
				<visible>ControlGroup(9000).HasFocus(13)</visible>
			</control>


			<!-- INFO on the top -->
			<control type="group">
				<control type="grouplist">
					<posx>500</posx>
					<posy>110</posy>
					<usecontrolcoords>true</usecontrolcoords>
					<width>1120</width>
					<height>300</height>
					<itemgap>28</itemgap>
					<orientation>vertical</orientation>
					<animation effect="slide" start="-2000,0" end="0,0" tween="sine" easing="out" time="300">WindowOpen</animation>
					<animation effect="slide" start="0,0" end="-2000,0" tween="sine" time="400">WindowClose</animation>
					<control type="group">
						<visible>!IsEmpty(ListItem.Property(Artist_Instrument))</visible>	
						<control type="label">
							<posx>1120</posx>
							<posy>0</posy>
							<height>40</height>
							<width>120</width>
							<textcolor>grey_b</textcolor>
							<align>right</align>
							<label>$LOCALIZE[21892]:</label>
							<font>font-20</font>
						</control>
						<control type="label">
							<posx>1010</posx>
							<posy>4</posy>
							<height>40</height>
							<width>990</width>
							<textcolor>grey_a</textcolor>
							<align>right</align>
							<label>$INFO[ListItem.Property(Artist_Instrument)]</label>
							<font>font-18</font>
						</control>
					</control>

					<control type="group">
						<visible>!IsEmpty(ListItem.Property(Album_Label))</visible>	
						<control type="label">
							<posx>1120</posx>
							<posy>0</posy>
							<height>40</height>
							<width>180</width>
							<textcolor>grey_b</textcolor>
							<align>right</align>
							<label>$LOCALIZE[21899]:</label>
							<font>font-20</font>
						</control>
						<control type="label">
							<posx>930</posx>
							<posy>4</posy>
							<height>40</height>
							<width>990</width>
							<textcolor>grey_a</textcolor>
							<align>right</align>
							<label>$INFO[ListItem.Property(Album_Label)]</label>
							<font>font-18</font>
						</control>
					</control>
					<control type="group">
						<visible>!IsEmpty(ListItem.Year)</visible>	
						<control type="label">
							<posx>1120</posx>
							<posy>0</posy>
							<height>40</height>
							<width>180</width>
							<textcolor>grey_b</textcolor>
							<align>right</align>
							<label>$LOCALIZE[562]:</label>
							<font>font-20</font>
						</control>
						<control type="label">
							<posx>930</posx>
							<posy>4</posy>
							<height>40</height>
							<width>990</width>
							<textcolor>grey_a</textcolor>
							<align>right</align>
							<label>$INFO[ListItem.Year]</label>
							<font>font-18</font>
						</control>
					</control>
					<control type="group">
						<visible>!IsEmpty(ListItem.Property(Album_Rating))</visible>	
						<control type="label">
							<posx>1120</posx>
							<posy>0</posy>
							<height>40</height>
							<width>180</width>
							<textcolor>grey_b</textcolor>
							<align>right</align>
							<label>$LOCALIZE[563]:</label>
							<font>font-20</font>
						</control>
						<control type="label">
							<posx>930</posx>
							<posy>4</posy>
							<height>40</height>
							<width>990</width>
							<textcolor>grey_a</textcolor>
							<align>right</align>
							<label>$INFO[ListItem.Property(Album_Rating)]</label>
							<font>font-18</font>
						</control>
					</control>
					<control type="group">
						<visible>!IsEmpty(ListItem.Property(Album_Mood))</visible>	
						<control type="label">
							<posx>1120</posx>
							<posy>0</posy>
							<height>40</height>
							<width>180</width>
							<textcolor>grey_b</textcolor>
							<align>right</align>
							<label>$LOCALIZE[175]:</label>
							<font>font-20</font>
						</control>
						<control type="label">
							<posx>930</posx>
							<posy>4</posy>
							<height>40</height>
							<width>990</width>
							<textcolor>grey_a</textcolor>
							<align>right</align>
							<label>$INFO[ListItem.Property(Album_Mood)]</label>
							<font>font-18</font>
						</control>
					</control>
					<control type="group">
						<visible>!IsEmpty(ListItem.Property(Album_Style))</visible>	
						<control type="label">
							<posx>1120</posx>
							<posy>0</posy>
							<height>40</height>
							<width>180</width>
							<textcolor>grey_b</textcolor>
							<align>right</align>
							<label>$LOCALIZE[176]:</label>
							<font>font-20</font>
						</control>
						<control type="label">
							<posx>930</posx>
							<posy>4</posy>
							<height>40</height>
							<width>990</width>
							<textcolor>grey_a</textcolor>
							<align>right</align>
							<label>$INFO[ListItem.Property(Album_Style)]</label>
							<font>font-18</font>
						</control>
					</control>
					<control type="group">
						<visible>!IsEmpty(ListItem.Property(Album_Theme))</visible>	
						<control type="label">
							<posx>1120</posx>
							<posy>0</posy>
							<height>40</height>
							<width>180</width>
							<textcolor>grey_b</textcolor>
							<align>right</align>
							<label>$LOCALIZE[21895]:</label>
							<font>font-20</font>
						</control>
						<control type="label">
							<posx>930</posx>
							<posy>4</posy>
							<height>40</height>
							<width>990</width>
							<textcolor>grey_a</textcolor>
							<align>right</align>
							<label>$INFO[ListItem.Property(Album_Theme)]</label>
							<font>font-18</font>
						</control>
					</control>
					<control type="group">
						<visible>!IsEmpty(ListItem.Property(Album_Type))</visible>	
						<control type="label">
							<posx>1120</posx>
							<posy>0</posy>
							<height>40</height>
							<width>180</width>
							<textcolor>grey_b</textcolor>
							<align>right</align>
							<label>$LOCALIZE[146]:</label>
							<font>font-20</font>
						</control>
						<control type="label">
							<posx>930</posx>
							<posy>4</posy>
							<height>40</height>
							<width>990</width>
							<textcolor>grey_a</textcolor>
							<align>right</align>
							<label>$INFO[ListItem.Property(Album_Type)]</label>
							<font>font-18</font>
						</control>
					</control>
				</control>

			</control>
		</control>

		<control type="grouplist" id="9500">		
			<posx>2</posx>
			<posy>360</posy>
			<width>1916</width>
			<height>658</height>
			<itemgap>15</itemgap>
			<orientation>Vertical</orientation>
			<onup>9000</onup>
			<ondown>9000</ondown>

			<visible>!ControlGroup(9000).HasFocus(13)</visible>
			<usecontrolcoords>true</usecontrolcoords>
			<scrolltime tween="sine" easing="out">800</scrolltime>
			<animation effect="fade" start="0" end="100" delay="1500" time="300">WindowOpen</animation>
			<animation effect="fade" start="70" end="0" time="300">WindowClose</animation>
			<!-- extended - Discography List -->
			<control type="group">
				<width>1916</width>
				<height>300</height>
				<control type="image">
					<posx>0</posx>
					<posy>50</posy>
					<width>1916</width>
					<height>240</height>
					<texture colordiffuse="22d2d2d2">white.png</texture>
					<visible>ControlGroup(9500).HasFocus(9502) + ControlGroup(9500).HasFocus</visible>
				</control>
				<control type="label">
					<width>1916</width>
					<height>45</height>
					<label>21888</label>
					<textcolor>$VAR[main_color]</textcolor>
					<font>font-22</font>
					<align>center</align>
					<posx>0</posx>
					<posy>0</posy>
				</control>
				<control type="list" id="9502">
					<posx>0</posx>
					<posy>50</posy>
					<visible allowhiddenfocus="true">!Container(9502).IsUpdating</visible>
					<width>1916</width>
					<height>230</height>
					<orientation>horizontal</orientation>
					<preloaditems>2</preloaditems>
					<pagecontrol>60</pagecontrol>
					<viewtype label="536">list</viewtype>
					<scrolltime tween="quadratic">400</scrolltime>

					<onup>9000</onup>
					<ondown>9504</ondown>
					<onright>9502</onright>
					<onleft>9502</onleft>
					<itemlayout width="224" height="236">
						<control type="image">
							<posx>5</posx>
							<posy>17</posy>
							<width>200</width>
							<height>200</height>
							<aspectratio>stretch</aspectratio>
							<texture fallback="defaultmusicalbums.png">$INFO[ListItem.Icon]</texture>
							<bordertexture colordiffuse="grey_a">white.png</bordertexture>
							<bordersize>3</bordersize>
							<animation effect="fade" start="0" end="40" time="200" condition="true">Conditional</animation>
						</control>
						<control type="image">
							<posx>8</posx>
							<posy>175</posy>
							<width>194</width>
							<height>40</height>
							<texture background="true">main/widget_title.png</texture>
						</control>	
						<control type="label">
							<posx>8</posx>
							<posy>172</posy>
							<description>Disc No-Focus</description>
							<height>40</height>
							<width>194</width>
							<textcolor>grey_a</textcolor>
							<align>center</align>
							<label>$INFO[ListItem.Label]</label>
							<font>font-20</font>
						</control>
					</itemlayout>
					<focusedlayout width="224" height="236">
						<control type="image">
							<posx>5</posx>
							<posy>17</posy>
							<width>200</width>
							<height>200</height>
							<aspectratio scalediffuse="false">stretch</aspectratio>
							<texture fallback="defaultmusicalbums.png">$INFO[ListItem.Icon]</texture>
							<bordertexture colordiffuse="$VAR[main_color]">white.png</bordertexture>
							<bordersize>3</bordersize>
							<animation effect="fade" start="0" end="100" time="200" condition="true">Conditional</animation>
						</control>
						<control type="image">
							<posx>8</posx>
							<posy>175</posy>
							<width>194</width>
							<height>40</height>
							<texture background="true">main/widget_title.png</texture>
						</control>	
						<control type="label">
							<posx>8</posx>
							<posy>172</posy>
							<description>Disc Focus</description>
							<height>40</height>
							<width>194</width>
							<textcolor>$VAR[main_color]</textcolor>
							<align>center</align>
							<scroll>true</scroll>
							<scrollspeed>50</scrollspeed>
							<label>$INFO[ListItem.Label]</label>
							<font>font-20</font>
						</control>
					</focusedlayout>
					<content>plugin://script.extendedinfo?info=discography&amp;&amp;artistname=$INFO[ListItem.Artist]</content>
				</control>
			</control>
			<!-- LOCAL - Discography List -->
			<control type="group">
				<width>1916</width>
				<height>300</height>
				<visible>!IntegerGreaterThan(Container(9502).NumItems,0)</visible>
				<control type="image">
					<posx>0</posx>
					<posy>50</posy>
					<width>1916</width>
					<height>240</height>
					<texture colordiffuse="22d2d2d2">white.png</texture>
				</control>
				<control type="label">
					<width>1916</width>
					<height>45</height>
					<label>21888</label>
					<textcolor>$VAR[main_color]</textcolor>
					<font>font-22</font>
					<align>center</align>
					<posx>0</posx>
					<posy>0</posy>
				</control>
				<control type="list" id="50">
					<posx>0</posx>
					<posy>50</posy>
					<width>1916</width>
					<height>230</height>
					<orientation>horizontal</orientation>
					<preloaditems>2</preloaditems>
					<pagecontrol>60</pagecontrol>
					<viewtype label="536">list</viewtype>
					<scrolltime tween="quadratic">400</scrolltime>

					<onup>9000</onup>
					<ondown>9504</ondown>
					<onright>9502</onright>
					<onleft>9502</onleft>
					<itemlayout width="224" height="236">
						<control type="image">
							<posx>5</posx>
							<posy>17</posy>
							<width>200</width>
							<height>200</height>
							<aspectratio>stretch</aspectratio>
							<texture fallback="defaultmusicalbums.png">$INFO[ListItem.Icon]</texture>
							<bordertexture colordiffuse="grey_a">white.png</bordertexture>
							<bordersize>3</bordersize>
							<animation effect="fade" start="0" end="40" time="200" condition="true">Conditional</animation>
						</control>
						<control type="image">
							<posx>8</posx>
							<posy>175</posy>
							<width>194</width>
							<height>40</height>
							<texture background="true">main/widget_title.png</texture>
						</control>	
						<control type="label">
							<posx>8</posx>
							<posy>172</posy>
							<description>Disc No-Focus</description>
							<height>40</height>
							<width>194</width>
							<textcolor>grey_a</textcolor>
							<align>center</align>
							<label>$INFO[ListItem.Label]</label>
							<font>font-20</font>
						</control>
					</itemlayout>
					<focusedlayout width="224" height="236">
						<control type="image">
							<posx>5</posx>
							<posy>17</posy>
							<width>200</width>
							<height>200</height>
							<aspectratio scalediffuse="false">stretch</aspectratio>
							<texture fallback="defaultmusicalbums.png">$INFO[ListItem.Icon]</texture>
							<bordertexture colordiffuse="$VAR[main_color]">white.png</bordertexture>
							<bordersize>3</bordersize>
							<animation effect="fade" start="0" end="100" time="200" condition="true">Conditional</animation>
						</control>
						<control type="image">
							<posx>8</posx>
							<posy>175</posy>
							<width>194</width>
							<height>40</height>
							<texture background="true">main/widget_title.png</texture>
						</control>	
						<control type="label">
							<posx>8</posx>
							<posy>172</posy>
							<description>Disc Focus</description>
							<height>40</height>
							<width>194</width>
							<textcolor>$VAR[main_color]</textcolor>
							<align>center</align>
							<scroll>true</scroll>
							<scrollspeed>50</scrollspeed>
							<label>$INFO[ListItem.Label]</label>
							<font>font-20</font>
						</control>
					</focusedlayout>
				</control>
			</control>
			<!-- extended - youtube -->
			<control type="group">		
				<width>1916</width>
				<height>300</height>
				<control type="image">
					<posx>0</posx>
					<posy>50</posy>
					<width>1916</width>
					<height>240</height>
					<texture colordiffuse="22d2d2d2">white.png</texture>
					<visible>ControlGroup(9500).HasFocus(9504) + ControlGroup(9500).HasFocus</visible>
				</control>
				<control type="label">
					<width>1916</width>
					<height>45</height>
					<label>31147</label>
					<textcolor>$VAR[main_color]</textcolor>
					<font>font-22</font>
					<align>center</align>
					<posx>0</posx>
					<posy>0</posy>
				</control>
				<control type="list" id="9504">
					<posx>0</posx>
					<posy>50</posy>
					<width>1916</width>
					<height>230</height>
					<preloaditems>2</preloaditems>
					<focusposition>1</focusposition>
					<viewtype label="">list</viewtype>
					<orientation>horizontal</orientation>
					<defaultcontrol always="true">0</defaultcontrol>
					<scrolltime easing="inout" tween="sine">300</scrolltime>
					<visible allowhiddenfocus="true">!Container(9504).IsUpdating</visible>

					<onup condition="!IntegerGreaterThan(Container(9502).NumItems,0)">50</onup>
					<onup condition="IntegerGreaterThan(Container(9502).NumItems,0)">9502</onup>
					<ondown>9506</ondown>
					<onright>9504</onright>
					<onleft>9504</onleft>
					<itemlayout width="330" height="236">
						<control type="image">
							<posx>5</posx>
							<posy>17</posy>
							<width>306</width>
							<height>200</height>
							<aspectratio>stretch</aspectratio>
							<texture fallback="defaultvideo.png">$INFO[ListItem.Icon]</texture>
							<bordertexture colordiffuse="grey_a">white.png</bordertexture>
							<bordersize>3</bordersize>
							<animation effect="fade" start="0" end="40" time="200" condition="true">Conditional</animation>
						</control>
						<control type="image">
							<posx>8</posx>
							<posy>175</posy>
							<width>300</width>
							<height>40</height>
							<texture background="true">main/widget_title.png</texture>
						</control>	
						<control type="label">
							<posx>8</posx>
							<posy>172</posy>
							<description>Actor Name No-Focus</description>
							<height>40</height>
							<width>300</width>
							<textcolor>grey_a</textcolor>
							<align>center</align>
							<label>$INFO[ListItem.Label]</label>
							<font>font-20</font>
						</control>
					</itemlayout>
					<focusedlayout width="330" height="236">
						<control type="image">
							<posx>5</posx>
							<posy>17</posy>
							<width>306</width>
							<height>200</height>
							<aspectratio scalediffuse="false">stretch</aspectratio>
							<texture fallback="defaultvideo.png">$INFO[ListItem.Icon]</texture>
							<bordertexture colordiffuse="$VAR[main_color]">white.png</bordertexture>
							<bordersize>3</bordersize>
							<animation effect="fade" start="0" end="100" time="200" condition="true">Conditional</animation>
						</control>
						<control type="image">
							<posx>8</posx>
							<posy>175</posy>
							<width>300</width>
							<height>40</height>
							<texture background="true">main/widget_title.png</texture>
						</control>	
						<control type="label">
							<posx>8</posx>
							<posy>172</posy>
							<description>Actor Name Focus</description>
							<height>40</height>
							<width>300</width>
							<textcolor>$VAR[main_color]</textcolor>
							<align>center</align>
							<scroll>true</scroll>
							<scrollspeed>50</scrollspeed>
							<label>$INFO[ListItem.Label]</label>
							<font>font-20</font>
						</control>
					</focusedlayout>
					<content>plugin://script.extendedinfo?info=youtubesearch&amp;&amp;id=$ESCINFO[ListItem.Artist]</content>
				</control>
			</control>
			<!-- extended - most loved -->
			<control type="group">
				<width>1916</width>
				<height>350</height>
				<control type="image">
					<posx>0</posx>
					<posy>50</posy>
					<width>1916</width>
					<height>240</height>
					<texture colordiffuse="22d2d2d2">white.png</texture>
					<visible>ControlGroup(9500).HasFocus(9506) + ControlGroup(9500).HasFocus</visible>
				</control>
				<control type="label">
					<posx>0</posx>
					<posy>0</posy>
					<width>1916</width>
					<height>45</height>
					<label>31148</label>
					<textcolor>$VAR[main_color]</textcolor>
					<font>font-22</font>
					<align>center</align>
				</control>
				<control type="label">
					<posx>0</posx>
					<posy>70</posy>
					<width>1916</width>
					<height>45</height>
					<font>font-22</font>
					<align>center</align>
					<label>31149</label>
					<visible>IsEmpty(Container(9506).ListItem.Label)</visible>
				</control>
				<control type="list" id="9506">
					<posx>0</posx>
					<posy>50</posy>
					<width>1916</width>
					<height>230</height>
					<preloaditems>2</preloaditems>
					<focusposition>1</focusposition>
					<viewtype label="">list</viewtype>
					<orientation>horizontal</orientation>
					<defaultcontrol always="true">0</defaultcontrol>
					<scrolltime easing="inout" tween="sine">300</scrolltime>
					<visible allowhiddenfocus="true">!Container(9506).IsUpdating</visible>

					<onup>9504</onup>
					<ondown>9502</ondown>
					<onright>9506</onright>
					<onleft>9506</onleft>
					<itemlayout width="330" height="236">
						<control type="image">
							<posx>5</posx>
							<posy>17</posy>
							<width>306</width>
							<height>200</height>
							<aspectratio>stretch</aspectratio>
							<texture fallback="defaultvideo.png">$INFO[ListItem.Icon]</texture>
							<bordertexture colordiffuse="grey_a">white.png</bordertexture>
							<bordersize>3</bordersize>
							<animation effect="fade" start="0" end="40" time="200" condition="true">Conditional</animation>
						</control>
						<control type="image">
							<posx>8</posx>
							<posy>175</posy>
							<width>300</width>
							<height>40</height>
							<texture background="true">main/widget_title.png</texture>
						</control>	
						<control type="label">
							<posx>8</posx>
							<posy>172</posy>
							<description>Actor Name No-Focus</description>
							<height>40</height>
							<width>300</width>
							<textcolor>grey_a</textcolor>
							<align>center</align>
							<label>$INFO[ListItem.Label]</label>
							<font>font-20</font>
						</control>
					</itemlayout>
					<focusedlayout width="330" height="236">
						<control type="image">
							<posx>5</posx>
							<posy>17</posy>
							<width>306</width>
							<height>200</height>
							<aspectratio scalediffuse="false">stretch</aspectratio>
							<texture fallback="defaultvideo.png">$INFO[ListItem.Icon]</texture>
							<bordertexture colordiffuse="$VAR[main_color]">white.png</bordertexture>
							<bordersize>3</bordersize>
							<animation effect="fade" start="0" end="100" time="200" condition="true">Conditional</animation>
						</control>
						<control type="image">
							<posx>8</posx>
							<posy>175</posy>
							<width>300</width>
							<height>40</height>
							<texture background="true">main/widget_title.png</texture>
						</control>	
						<control type="label">
							<posx>8</posx>
							<posy>172</posy>
							<description>Actor Name Focus</description>
							<height>40</height>
							<width>300</width>
							<textcolor>$VAR[main_color]</textcolor>
							<align>center</align>
							<scroll>true</scroll>
							<scrollspeed>50</scrollspeed>
							<label>$INFO[ListItem.Label]</label>
							<font>font-20</font>
						</control>
					</focusedlayout>
					<content>plugin://script.extendedinfo?info=mostlovedtracks&amp;&amp;artistname=$INFO[Listitem.Artist]</content>
				</control>
			</control>
		</control>

	</controls>
</window>
