<?xml version="1.0" encoding="UTF-8"?>
<window>
	<defaultcontrol always="true">5</defaultcontrol>
	<controls>
		<include>fade_screen_grey</include> 
		<control type="group">
			<posx>460</posx>
			<posy>80</posy>
			<include>dialog_zoom_animation</include>
			<include name="big_dialog">
				<param name="info_posy" value="2000" />
				<param name="content_posy" value="80" />
				<param name="width" value="1000"/>
				<param name="content_height" value="880" />
			</include>
			<control type="label" id="1">
				<description>heading label</description>
				<posx>0</posx>
				<posy>20</posy>
				<width>1000</width>
				<height>45</height>
				<align>center</align>
				<aligny>center</aligny>
				<font>font-30</font>
				<label>587</label>
				<textcolor>white</textcolor>
			</control>
			<control type="grouplist" id="5">
				<posx>15</posx>
				<posy>105</posy>
				<width>970</width>
				<height>500</height>
				<pagecontrol>60</pagecontrol>
				<onleft>9000</onleft>
				<onright>60</onright>
				<onup>9000</onup>
				<ondown>9000</ondown>
			</control>
			<control type="scrollbar" id="60">
				<posx>1300</posx>
				<posy>105</posy>
				<width>10</width>
				<height>500</height>
				<include>scroll_bar</include>
				<onleft>5</onleft>
				<onright>9000</onright>
				<ondown>60</ondown>
				<onup>60</onup>
				<showonepage>false</showonepage>
				<orientation>vertical</orientation>
			</control>

			<!-- Button grouplist -->
			<control type="grouplist" id="9000">
				<posx>0</posx>
				<posy>890</posy>
				<align>left</align>
				<width>900</width>
				<height>65</height>
				<itemgap>10</itemgap>
				<orientation>horizontal</orientation>
				<onleft>9000</onleft>
				<onright>9000</onright>
				<onup>5</onup>
				<ondown>5</ondown>
				<!-- OK Button -->
				<control type="button" id="28">
					<width>220</width>
					<label>186</label>
					<include>button_dialogs</include>
				</control>
				<!-- Cancel Button -->
				<control type="button" id="27">
					<width>220</width>
					<label>222</label>
					<include>button_dialogs</include>
				</control>
			</control>

		</control>
		<control type="button" id="7">
			<description>default Button</description>
			<posx>0</posx>
			<posy>0</posy>
			<align>left</align>
			<height>50</height>
			<include>button_spin_playlist</include>
		</control>
		<control type="radiobutton" id="8">
			<description>default RadioButton</description>
			<posx>0</posx>
			<posy>0</posy>
			<height>50</height>
			<label>21459</label>
			<focusedcolor>white</focusedcolor>
			<textcolor>white</textcolor>
			<texturefocus colordiffuse="grey_a">white.png</texturefocus>
			<texturenofocus colordiffuse="darkgrey">white.png</texturenofocus>
			<disabledcolor>grey_a</disabledcolor>
			<height>50</height>
			<font>font-22</font>
			<textoffsetx>30</textoffsetx>
			<textwidth>900</textwidth>
		</control>
		<control type="spincontrolex" id="9">
			<description>default SpinControlex</description>
			<posx>0</posx>
			<posy>0</posy>
			<height>50</height>
			<include>button_spin_playlist</include>
			<reverse>yes</reverse>
		</control>
		<control type="sliderex" id="13">
			<description>default Sliderex</description>
			<height>50</height>
			<include>button_spin_playlist</include>
		</control>
		<control type="edit" id="12">
			<description>default Edit</description>
			<posx>0</posx>
			<posy>0</posy>
			<height>50</height>
			<include>button_spin_playlist</include>
		</control>

	</controls>
</window>
