<?xml version="1.0" encoding="UTF-8"?>
<window>
	<defaultcontrol>5</defaultcontrol>
	<controls>
		<control type="group">
			<control type="image">
				<posx>0</posx>
				<posy>0</posy>
				<width>1920</width>
				<height>1080</height>
				<texture background="true">black.png</texture>
				<animation effect="fade" start="0" end="70" time="300">WindowOpen</animation>
				<animation effect="fade" start="70" end="0" time="300">WindowClose</animation>

			</control>
			<control type="grouplist" id="5">
				<description>control area</description>
				<posx>300</posx>
				<posy>504</posy>
				<width>1320</width>
				<height>415</height>
				<itemgap>0</itemgap>
				<pagecontrol>60</pagecontrol>
				<onleft>5</onleft>
				<onright>60</onright>
				<onup>28</onup>
				<ondown>28</ondown>
				<animation effect="slide" start="0,0" end="0,-150" time="0" condition="Window.IsVisible(SettingsCategory.xml)">conditional</animation>
			</control>
			<control type="scrollbar" id="60">
				<posx>1635</posx>
				<posy>444</posy>
				<width>30</width>
				<height>315</height>			
				<width>15</width>
				<include>scroll_bar</include>			
				<onleft>5</onleft>
				<onright>5</onright>
				<showonepage>false</showonepage>
				<orientation>vertical</orientation>
				<animation effect="slide" start="0,0" end="0,-150" time="0" condition="Window.IsVisible(SettingsCategory.xml)">conditional</animation>
			</control>
			<control type="button" id="7">
				<description>default Button</description>
				<width>970</width>
				<height>42</height>
				<font>font-22</font>
				<align>left</align>
				<textwidth>900</textwidth>
				<textoffsetx>30</textoffsetx>
				<textcolor>darkgrey</textcolor>
				<focusedcolor>grey_b</focusedcolor>
				<texturefocus>dialogs/grey2.png</texturefocus>
				<texturenofocus>dialogs/grey1.png</texturenofocus>
				<invalidcolor>grey_a</invalidcolor>
				<disabledcolor>grey_a</disabledcolor>
			</control>
			<control type="radiobutton" id="8">
				<description>default RadioButton</description>
				<posx>0</posx>
				<posy>0</posy>
				<height>45</height>
				<font>font-20</font>
				<textcolor>darkgrey</textcolor>
				<focusedcolor>grey_b</focusedcolor>
				<disabledcolor>grey_a</disabledcolor>
				<texturefocus>dialogs/grey2.png</texturefocus>
				<texturenofocus>dialogs/grey1.png</texturenofocus>
				<textoffsetx>10</textoffsetx>
			</control>
			<control type="spincontrolex" id="9">
				<description>default SpinControlex</description>
				<posx>0</posx>
				<posy>0</posy>
				<height>45</height>
				<textcolor>darkgrey</textcolor>
				<focusedcolor>grey_b</focusedcolor>
				<texturefocus>dialogs/grey2.png</texturefocus>
				<texturenofocus>dialogs/grey1.png</texturenofocus>
				<disabledcolor>grey_a</disabledcolor>
				<font>font-20</font>
				<textoffsetx>10</textoffsetx>
				<aligny>center</aligny>
				<reverse>yes</reverse>
			</control>
			<control type="image">
				<posx>0</posx>
				<posy>840</posy>
				<width>1920</width>
				<height>3</height>
				<texture background="true">white.png</texture>
				<visible>!Window.IsVisible(ProfileSettings)</visible>
			</control>
			<control type="button" id="28">
				<description>Ok Button</description>
				<posx>660</posx>
				<posy>872</posy>
				<width>280</width>
				<height>52</height>
				<align>center</align>
				<aligny>center</aligny>
				<textcolor>darkgrey</textcolor>
				<focusedcolor>grey_b</focusedcolor>
				<texturefocus>dialogs/grey2.png</texturefocus>
				<texturenofocus>dialogs/grey1.png</texturenofocus>
				<label>186</label>
				<onleft>29</onleft>
				<onright>29</onright>
				<onup>5</onup>
				<ondown>5</ondown>
			</control>
			<control type="button" id="29">
				<description>Cancel Button</description>
				<posx>960</posx>
				<posy>872</posy>
				<width>280</width>
				<height>52</height>
				<align>center</align>
				<aligny>center</aligny>
				<textcolor>darkgrey</textcolor>
				<focusedcolor>grey_b</focusedcolor>
				<texturefocus>dialogs/grey2.png</texturefocus>
				<texturenofocus>dialogs/grey1.png</texturenofocus>
				<label>222</label>
				<onleft>28</onleft>
				<onright>28</onright>
				<onup>5</onup>
				<ondown>5</ondown>
			</control>
		</control>
	</controls>
</window>
