<?xml version="1.0" encoding="UTF-8"?>
<window>
	<defaultcontrol always="true">50</defaultcontrol>
	
	<views><include>view_numbers</include></views>
	<menucontrol>9100</menucontrol>
	<controls>
		<include>FS_Video</include>
		<control type="group">
			<include>view_conditions</include>
			<include>top_bar</include>
			<include>VideoInfo</include>
			<include>MusicInfo</include>
		</control>
		<include>view_options_fade_screen</include>
		<include>side_tab</include>
		<control type="group">
			<include>myvideonav_hiddenbutton</include>
			<control type="group"> 
				<visible>IntegerGreaterThan(Container.NumItems,-1) | !Container.IsUpdating</visible>
				<posy>100</posy>
				<include name="myvideonav_toolbar_animation" condition="StringCompare(System.Language,Hebrew) | Skin.HasSetting(Prefer_RTL)"><param name="end" value="370" /></include>
				<include name="myvideonav_toolbar_animation" condition="!StringCompare(System.Language,Hebrew) + !Skin.HasSetting(Prefer_RTL)"><param name="end" value="-360" /></include>
				<include name="dialog_view_options"></include>
				<control type="grouplist" id="9100">
					<include>sidebar_list_size</include>
					<onleft>50</onleft>
					<onright>50</onright>
					<onup>9100</onup>
					<ondown>9100</ondown>
					<onback>50</onback>
					<itemgap>0</itemgap>
					<usecontrolcoords>true</usecontrolcoords>
					<orientation>vertical</orientation>
					<visible>!Skin.HasSetting(KioskMode)</visible>
					<usecontrolcoords>true</usecontrolcoords>
					<control type="button" id="4000">
						<description>View As button</description>
						<label>$LOCALIZE[457]: $INFO[Container.Viewmode]</label>
						<onclick>RunScript(script.skin.helper.service,action=SETVIEW)</onclick>
						<include>view_settings_radiobutton</include>
					</control>
					<control type="button" id="498">
						<description>Show View Options</description>
						<label>14018</label>
						<include>view_settings_radiobutton</include>
						<onclick>SetFocus(8000)</onclick>
					</control>
					<control type="button" id="3">
						<description>Sort by button</description>
						<label>103</label>
						<include>view_settings_radiobutton</include>
					</control>
					<control type="togglebutton" id="4">
						<description>Sort asc</description>
						<align>center</align>
						<alttexturefocus colordiffuse="$VAR[main_color]">white.png</alttexturefocus>
						<alttexturenofocus>-</alttexturenofocus>
						<disabledcolor>grey</disabledcolor>
						<label>$LOCALIZE[21429]: $LOCALIZE[584]</label>
						<altlabel>$LOCALIZE[21429]: $LOCALIZE[585]</altlabel>
						<include>view_settings_radiobutton</include>
					</control>
					<control type="button" id="8">
						<description>Search</description>
						<label>137</label>
						<include>view_settings_radiobutton</include>
					</control>
					<control type="button" id="19">
						<description>Filter</description>
						<label>587</label>
						<align>left</align>
						<include>view_settings_radiobutton</include>
						<visible>Container.CanFilter + !Container.CanFilterAdvanced</visible>
					</control>
					<control type="radiobutton" id="20">
						<description>Advanced Filter</description>
						<label>587</label>						
						<onclick>right</onclick>
						<onclick>Filter</onclick>
						<include>view_settings_radiobutton</include>
						<selected>Container.Filtered</selected>
						<visible>Container.CanFilterAdvanced</visible>
					</control>
					<control type="button" id="6">
						<description>Slideshow</description>
						<include>view_settings_radiobutton</include>
						<label>108</label>
					</control>
					<control type="button" id="7">
						<description>Recersive Slideshow</description>
						<include>view_settings_radiobutton</include>
						<label>361</label>
					</control>
					<control type="radiobutton" id="9">
						<description>Randomize Toggle</description>
						<include>view_settings_radiobutton</include>
						<label>13319</label>
					</control>
				</control>
			</control>
		</control>
		<include>view_options_panel</include>
	</controls>
</window>
