<?xml version="1.0" encoding="UTF-8"?>
<window>
	<defaultcontrol always="true">50</defaultcontrol>
	
	<views><include>view_numbers</include></views>
	<menucontrol>9100</menucontrol>
	<controls>
		<include>FS_Video</include>
		<control type="group">
			<include>view_conditions</include>
			<include>top_bar</include>
			<include>VideoInfo</include>
			<include>MusicInfo</include>
		</control>
		<include>view_options_fade_screen</include>
		<include>side_tab</include>
		<control type="group">
			<include>myvideonav_hiddenbutton</include>
			<control type="group"> 
				<visible>IntegerGreaterThan(Container.NumItems,-1) | !Container.IsUpdating</visible>
				<posy>100</posy>
				<include name="myvideonav_toolbar_animation" condition="StringCompare(System.Language,Hebrew) | Skin.HasSetting(Prefer_RTL)"><param name="end" value="370" /></include>
				<include name="myvideonav_toolbar_animation" condition="!StringCompare(System.Language,Hebrew) + !Skin.HasSetting(Prefer_RTL)"><param name="end" value="-360" /></include>
				<include name="dialog_view_options"></include>
				<control type="grouplist" id="9100">
					<include>sidebar_list_size</include>
					<onleft>50</onleft>
					<onright>50</onright>
					<onup>9100</onup>
					<ondown>9100</ondown>
					<onback>50</onback>
					<itemgap>0</itemgap>
					<usecontrolcoords>true</usecontrolcoords>
					<orientation>vertical</orientation>
					<visible>!Skin.HasSetting(KioskMode)</visible>
					<usecontrolcoords>true</usecontrolcoords>
					<control type="button" id="4000">
						<description>View As button</description>
						<label>$LOCALIZE[457]: $INFO[Container.Viewmode]</label>
						<onclick>RunScript(script.skin.helper.service,action=SETVIEW)</onclick>
						<include>view_settings_radiobutton</include>
					</control>
					<control type="button" id="498">
						<description>Show View Options</description>
						<label>14018</label>
						<include>view_settings_radiobutton</include>
						<onclick>SetFocus(8000)</onclick>
					</control>
					<control type="radiobutton" id="20">
						<description>Shuffle button</description>
						<label>191</label>
						<include>view_settings_radiobutton</include>
					</control>
					<control type="button" id="26">
						<description>Repeat button</description>
						<label>-</label>
						<include>view_settings_radiobutton</include>
					</control>
					<control type="button" id="21">
						<description>Save button</description>
						<label>190</label>
						<include>view_settings_radiobutton</include>
					</control>
					<control type="button" id="22">
						<description>Clear button</description>
						<label>192</label>
						<onclick>ReplaceWindow(Video)</onclick>
						<include>view_settings_radiobutton</include>
					</control>
					<control type="button" id="611">
						<description>FullScreen</description>
						<label>244</label>
						<onclick>FullScreen</onclick>
						<include>view_settings_radiobutton</include>
						<visible>Player.HasAudio | Player.HasVideo</visible>
					</control>
				</control>
			</control>
		</control>
		<include>view_options_panel</include>
	</controls>
</window>
