<?xml version="1.0" encoding="UTF-8"?>
<window>
	<!-- systeminfo -->
	<backgroundcolor>ffdadad7</backgroundcolor>
	<defaultcontrol always="true">94</defaultcontrol>
	<onunload>RunScript(script.skinshortcuts,type=buildxml&amp;mainmenuID=9000)</onunload>
	<onload condition="!IsEmpty(Skin.String(AfterReload)) + IsEmpty(Skin.String(AfterReload_Category))">SetFocus(96)</onload>
	<onload condition="!IsEmpty(Skin.String(AfterReload_Category))">SetFocus($INFO[Skin.String(AfterReload_Category)])</onload>
	<onload condition="!IsEmpty(Skin.String(AfterReload))">SetFocus($INFO[Skin.String(AfterReload)])</onload>
	<onload condition="System.HasAddon(script.skin.helper.service) + IsEmpty(Skin.String(SkinHelper.RandomFanartDelay))">Skin.SetString(SkinHelper.RandomFanartDelay,10)</onload>
	<controls>
		<control type="group">
			<posx>420</posx>
			<posy>585</posy>
			<animation effect="zoom" end="45.5" time="0" condition="True">Conditional</animation>
			<include>skin_home</include>
			<visible>StringCompare(Skin.String(Section),3)</visible>
		</control>
		<control type="image">
			<posx>0</posx>
			<posy>0</posy>
			<width>1920</width>
			<height>1080</height>
			<texture background="true">prevmask.png</texture>
			<visible>StringCompare(Skin.String(Section),3)</visible>
		</control>
		<control type="image">
			<posx>1630</posx>
			<posy>80</posy>
			<width>290</width>
			<height>1000</height>
			<texture background="true">main/main_menu.png</texture>
			<animation effect="fade" end="100" time="0" condition="true">Conditional</animation>
		</control>
		<control type="group">
			<!-- Dummy list -->
			<control type="grouplist" id="9010">
				<posx>1631</posx>
				<posy>118</posy>
				<width>290</width>
				<height>880</height>
				<itemgap>0</itemgap>
				<orientation>vertical</orientation>

				<!-- Appearance -->
				<control type="button">
					<width>325</width>
					<height>50</height>
					<label>480</label>
					<font>menu</font>
					<textcolor>$VAR[main_color]</textcolor>
					<texturenofocus>main/main_focus.png</texturenofocus>
					<include>button_settings</include>
					<visible>Window.IsActive(appearancesettings) + IsEmpty(Window(settings).Property(ChangeSettingsLevel))</visible>
				</control>
				<control type="button">
					<width>325</width>
					<height>50</height>
					<label>480</label>
					<font>menu</font>
					<include>button_settings</include>
					<onclick>ActivateWindow(appearancesettings)</onclick>
					<visible>!Window.IsActive(appearancesettings) | !IsEmpty(Window(settings).Property(ChangeSettingsLevel))</visible>
				</control>
				<!-- Videos -->
				<control type="button">
					<width>325</width>
					<height>50</height>
					<label>3</label>
					<font>menu</font>
					<textcolor>$VAR[main_color]</textcolor>
					<texturenofocus>main/main_focus.png</texturenofocus>
					<include>button_settings</include>
					<visible>Window.IsActive(videossettings)</visible>
				</control>
				<control type="button">
					<width>325</width>
					<height>50</height>
					<label>3</label>
					<font>menu</font>
					<include>button_settings</include>
					<onclick>ActivateWindow(videossettings)</onclick>
					<visible>!Window.IsActive(videossettings)</visible>
				</control>
				<!-- Music -->
				<control type="button">
					<width>325</width>
					<height>50</height>
					<label>2</label>
					<font>menu</font>
					<textcolor>$VAR[main_color]</textcolor>
					<texturenofocus>main/main_focus.png</texturenofocus>
					<include>button_settings</include>
					<visible>Window.IsActive(musicsettings)</visible>
				</control>
				<control type="button">
					<width>325</width>
					<height>50</height>
					<label>2</label>
					<font>menu</font>
					<include>button_settings</include>
					<onclick>ActivateWindow(musicsettings)</onclick>
					<visible>!Window.IsActive(musicsettings)</visible>
				</control>
				<!-- Pictures -->
				<control type="button">
					<width>325</width>
					<height>50</height>
					<label>1</label>
					<font>menu</font>
					<textcolor>$VAR[main_color]</textcolor>
					<texturenofocus>main/main_focus.png</texturenofocus>
					<include>button_settings</include>
					<visible>Window.IsActive(picturessettings)</visible>
				</control>
				<control type="button">
					<width>325</width>
					<height>50</height>
					<label>1</label>
					<font>menu</font>
					<include>button_settings</include>
					<onclick>ActivateWindow(picturessettings)</onclick>
					<visible>!Window.IsActive(picturessettings)</visible>
				</control>
				<!-- Weather -->
				<control type="button">
					<width>325</width>
					<height>50</height>
					<label>8</label>
					<font>menu</font>
					<textcolor>$VAR[main_color]</textcolor>
					<texturenofocus>main/main_focus.png</texturenofocus>
					<include>button_settings</include>
					<visible>Window.IsActive(weathersettings)</visible>
				</control>
				<control type="button">
					<width>325</width>
					<height>50</height>
					<label>8</label>
					<font>menu</font>
					<include>button_settings</include>
					<onclick>ActivateWindow(weathersettings)</onclick>
					<visible>!Window.IsActive(weathersettings)</visible>
				</control>
				<!-- System -->
				<control type="button">
					<width>325</width>
					<height>50</height>
					<label>13250</label>
					<font>menu</font>
					<textcolor>$VAR[main_color]</textcolor>
					<texturenofocus>main/main_focus.png</texturenofocus>
					<include>button_settings</include>
					<visible>Window.IsActive(systemsettings)</visible>
				</control>
				<control type="button">
					<width>325</width>
					<height>50</height>
					<label>13250</label>
					<font>menu</font>
					<include>button_settings</include>
					<onclick>ActivateWindow(systemsettings)</onclick>
					<visible>!Window.IsActive(systemsettings)</visible>
				</control>
				<!-- Service -->
				<control type="button">
					<width>325</width>
					<height>50</height>
					<label>14036</label>
					<font>menu</font>
					<textcolor>$VAR[main_color]</textcolor>
					<texturenofocus>main/main_focus.png</texturenofocus>
					<include>button_settings</include>
					<visible>Window.IsActive(servicesettings)</visible>
				</control>
				<control type="button">
					<width>325</width>
					<height>50</height>
					<label>14036</label>
					<font>menu</font>
					<include>button_settings</include>
					<onclick>ActivateWindow(servicesettings)</onclick>
					<visible>!Window.IsActive(servicesettings)</visible>
				</control>
				<!-- PVR -->
				<control type="button">
					<width>325</width>
					<height>50</height>
					<label>19191</label>
					<font>menu</font>
					<textcolor>$VAR[main_color]</textcolor>
					<texturenofocus>main/main_focus.png</texturenofocus>
					<include>button_settings</include>
					<visible>Window.IsActive(pvrsettings)</visible>
				</control>
				<control type="button">
					<width>325</width>
					<height>50</height>
					<label>19191</label>
					<font>menu</font>
					<include>button_settings</include>
					<onclick>ActivateWindow(pvrsettings)</onclick>
					<visible>!Window.IsActive(pvrsettings)</visible>
				</control>
				<!-- Seperator -->
				<control type="image">
					<width>290</width>
					<height>2</height>
					<texture background="true">white.png</texture>
					<animation effect="fade" end="95" time="0" condition="true">Conditional</animation>
				</control>
				<!-- System info -->
				<control type="button">
					<width>325</width>
					<height>50</height>
					<label>130</label>
					<font>menu</font>
					<textcolor>$VAR[main_color]</textcolor>
					<texturenofocus>main/main_focus.png</texturenofocus>
					<include>button_settings</include>
					<visible>Window.IsActive(systeminfo)</visible>
				</control>

				<!-- System Info -->
				<control type="button">
					<width>325</width>
					<height>50</height>
					<label>130</label>
					<font>menu</font>
					<include>button_settings</include>
					<onclick>ActivateWindow(systeminfo)</onclick>
					<visible>!Window.IsActive(systeminfo)</visible>
				</control>

				<!-- Addons -->
				<control type="button">
					<width>325</width>
					<height>50</height>
					<label>24001</label>
					<font>menu</font>
					<include>button_settings</include>
					<onclick>ActivateWindow(addonbrowser)</onclick>
				</control>
				<!-- Profiles -->
				<control type="button">
					<width>325</width>
					<height>50</height>
					<label>13200</label>
					<font>menu</font>
					<include>button_settings</include>
					<onclick>ActivateWindow(profiles)</onclick>
				</control>
				<!-- File Manager -->
				<control type="button">
					<width>325</width>
					<height>50</height>
					<label>7</label>
					<font>menu</font>
					<include>button_settings</include>
					<onclick>ActivateWindow(filemanager)</onclick>
				</control>
				<!-- Level of settings -->
				<control type="button">
					<width>325</width>
					<height>50</height>
					<label>$LOCALIZE[31001]</label>
					<font>menu</font>
					<include>button_settings</include>
					<onclick>SetProperty(ChangeSettingsLevel,true)</onclick>
					<onclick>ActivateWindow(appearancesettings)</onclick>

				</control>
				<!-- Seperator -->
				<control type="image">
					<width>290</width>
					<height>2</height>
					<texture background="true">white.png</texture>
					<animation effect="fade" end="95" time="0" condition="true">Conditional</animation>
				</control>
				<!-- Phenomenal Skin -->
				<control type="button">
					<width>325</width>
					<height>50</height>
					<label>31002</label>
					<font>menu</font>
					<textcolor>$VAR[main_color]</textcolor>
					<include>button_settings</include>
					<onclick>ActivateWindow(skinsettings)</onclick>
					<animation effect="fade" start="100" end="70" time="0" condition="!ControlGroup(9010).HasFocus">Conditional</animation>
				</control>

			</control>
			<control type="image">
				<posx>1342</posx>
				<posy>80</posy>
				<texture background="true">main/main_menu.png</texture>
				<height>1000</height>
				<width>290</width>
				<animation effect="fade" end="100" time="0" condition="true">Conditional</animation>
				<animation effect="zoom" start="1632,80,1,1000" end="1632,80,290,1000" time="325" condition="IsEmpty(Skin.String(AfterReload))">WindowOpen</animation>
				<animation effect="zoom" start="1632,80,290,1000" end="1632,80,1,1000" time="325" condition="IsEmpty(Skin.String(AfterReload))">WindowClose</animation>
			</control>
		</control>
		<include>skin_version_label</include>
		<!-- Main list -->
		<control type="grouplist" id="50">
			<posx>1342</posx>
			<top>118</top>
			<width>290</width>
			<height>726</height>
			<itemgap>0</itemgap>
			<onright>ReplaceWindow(settings)</onright>
			<onleft>noop</onleft>
			<onup>50</onup>
			<ondown>50</ondown>
			<orientation>vertical</orientation>
			<animation effect="zoom" start="1632,80,1,726" end="1632,80,290,726" time="325" condition="IsEmpty(Skin.String(AfterReload))">WindowOpen</animation>
			<animation effect="zoom" start="1632,80,290,726" end="1632,80,1,726" time="325" condition="IsEmpty(Skin.String(AfterReload))">WindowClose</animation>
			<!-- General -->
			<control type="button" id="94">
				<height>50</height>
				<font>menu</font>
				<label>16000</label>
				<textcolor>$VAR[settings_color_94]</textcolor>
				<include>button_settings</include>
				<onfocus>Skin.SetString(Section,1)</onfocus>
				<onleft>100</onleft>
				<onclick>100</onclick>
			</control>
			<!-- Custom Home -->
			<control type="button" id="95">
				<height>50</height>
				<width>290</width>
				<label>513</label>
				<font>menu</font>
				<textcolor>$VAR[settings_color_95]</textcolor>
				<include>button_settings</include>
				<onfocus>Skin.SetString(Section,2)</onfocus>
				<onleft>200</onleft>
				<onclick>200</onclick>
			</control>
			<!-- Design -->
			<control type="button" id="96">
				<height>50</height>
				<width>290</width>
				<label>31053</label>
				<font>menu</font>
				<textcolor>$VAR[settings_color_96]</textcolor>
				<include>button_settings</include>
				<onfocus>Skin.SetString(Section,3)</onfocus>
				<onleft>325</onleft>
				<onclick>325</onclick>
			</control>
			<!-- About -->
			<control type="button" id="97">
				<height>50</height>
				<width>290</width>
				<label>470</label>
				<font>menu</font>
				<textcolor>$VAR[settings_color_97]</textcolor>
				<include>button_settings</include>
				<onfocus>Skin.SetString(Section,4)</onfocus>
				<onleft>400</onleft>
				<onfocus>400</onfocus>
				<onclick>400</onclick>
			</control>

		</control>

		<control type="scrollbar" id="61">
			<posx>10</posx>
			<posy>100</posy>
			<width>10</width>
			<height>950</height>
			<include>scroll_bar</include>
			<onleft>noop</onleft>
			<onright>100</onright>
			<ondown>61</ondown>
			<onup>61</onup>
			<showonepage>false</showonepage>
			<orientation>vertical</orientation>
			<visible>StringCompare(Skin.String(Section),1)</visible>
		</control>
		<!-- General -->
		<control type="grouplist" id="100">
			<posx>40</posx>
			<posy>117</posy>
			<width>1250</width>
			<height>953</height>
			<itemgap>0</itemgap>
			<onleft>61</onleft>
			<onright>50</onright>
			<onup>100</onup>
			<ondown>100</ondown>
			<orientation>vertical</orientation>
			<pagecontrol>61</pagecontrol>
			<visible>StringCompare(Skin.String(Section),1)</visible>
			<usecontrolcoords>true</usecontrolcoords>
			<control type="label" id="107">
				<description>Backup\restore settings</description>
				<posx>0</posx>
				<posy>0</posy>
				<label>31068</label>
				<align>center</align>
				<width>1250</width>
				<height>40</height>
				<font>font-18</font>
				<textcolor>$VAR[main_color]</textcolor>
			</control>
			<control type="button" id="108">
				<description>Backup</description>
				<label>31069</label>
				<include>align_tag</include>
				<width>1250</width>
				<include>button_settings_2</include>
				<onclick>RunScript(script.skin.helper.service,action=backup)</onclick>
			</control>
			<control type="button" id="109">
				<description>Restore</description>
				<label>31070</label>
				<include>align_tag</include>
				<width>1250</width>
				<include>button_settings_2</include>
				<onclick>RunScript(script.skin.helper.service,action=restore)</onclick>
			</control>
			<control type="button" id="110">
				<description>Reset</description>
				<label>31071</label>
				<include>align_tag</include>
				<width>1250</width>
				<textcolor>red</textcolor>
				<focusedcolor>white</focusedcolor>
				<texturefocus colordiffuse="red">white.png</texturefocus>
				<include>button_settings_2</include>
				<onclick>RunScript(script.skin.helper.service,action=reset)</onclick>
			</control>
			<control type="label" id="111">
				<description>General</description>
				<posx>0</posx>
				<posy>0</posy>
				<label>16000</label>
				<align>center</align>
				<width>1250</width>
				<height>40</height>
				<font>font-18</font>
				<textcolor>$VAR[main_color]</textcolor>
			</control>
			<control type="radiobutton" id="106">
				<description>Prefer RTL Skin</description>
				<posx>0</posx>
				<posy>0</posy>
				<label>$LOCALIZE[31135]</label>
				<onclick>Skin.ToggleSetting(Prefer_RTL)</onclick>
				<onclick>Skin.SetString(AfterReload,106)</onclick>
				<onclick>Skin.SetString(AfterReload_Category,94)</onclick>
				<onclick>AlarmClock(name,Skin.Reset(AfterReload),00:01,silent)</onclick>	
				<onclick>ReloadSkin()</onclick> 
				<selected>Skin.HasSetting(Prefer_RTL)</selected>
				<include>radio_button_settings</include>
				<visible>!StringCompare(System.Language,Hebrew)</visible>
			</control>
			<control type="radiobutton" id="103">
				<description>Prefer OriginalTitles In Movies</description>
				<posx>0</posx>
				<posy>0</posy>
				<label>$LOCALIZE[31153]</label>
				<onclick>Skin.ToggleSetting(PreferOriginalTitles)</onclick>
				<selected>Skin.HasSetting(PreferOriginalTitles)</selected>
				<include>radio_button_settings</include>
			</control>
			<control type="radiobutton" id="104">
				<description>Prefer Animated Posters</description>
				<posx>0</posx>
				<posy>0</posy>
				<label>$LOCALIZE[31154]</label>
				<onclick>Skin.ToggleSetting(SkinHelper.EnableAnimatedPosters)</onclick>
				<selected>Skin.HasSetting(SkinHelper.EnableAnimatedPosters)</selected>
				<include>radio_button_settings</include>
			</control>
			<control type="radiobutton" id="105">
				<description>Enable ExtraFanart</description>
				<posx>0</posx>
				<posy>0</posy>
				<label>$LOCALIZE[31155]</label>
				<onclick>Skin.ToggleSetting(SkinHelper.EnableExtraFanart)</onclick>
				<selected>Skin.HasSetting(SkinHelper.EnableExtraFanart)</selected>
				<include>radio_button_settings</include>
			</control>
			<control type="button" id="112">
				<description>loader select</description>
				<label>$LOCALIZE[31033]</label>
				<include>align_tag</include>
				<width>1250</width>
				<include>button_settings_2</include>
				<onclick>Skin.SetFile(busy,.gif,special://skin/extras/busy)</onclick>
			</control>
			<control type="label" id="113">
				<description>Splash Screen</description>
				<posx>0</posx>
				<posy>0</posy>
				<label>512</label>
				<align>center</align>
				<width>1250</width>
				<height>40</height>
				<font>font-18</font>
				<textcolor>$VAR[main_color]</textcolor>
			</control>
			<control type="radiobutton" id="114">
				<description>Enable Splash Screen</description>
				<posx>0</posx>
				<posy>0</posy>
				<label>$LOCALIZE[31028]</label>
				<onclick>Skin.ToggleSetting(Disable_Splash)</onclick>
				<selected>!Skin.HasSetting(Disable_Splash)</selected>
				<include>radio_button_settings</include>
			</control>
			<control type="button" id="115">
				<description>Splash screen path</description>
				<label>$LOCALIZE[15311]</label>
				<label2>$VAR[splash_path]</label2>
				<align>left</align>
				<width>1250</width>
				<include>button_settings_2</include>
				<onclick>Skin.SetFile(splash_path)</onclick>
				<enable>!Skin.HasSetting(Disable_Splash)</enable>
			</control>
			<control type="label" id="116">
				<description>Addons Options</description>
				<posx>0</posx>
				<posy>0</posy>
				<label>31130</label>
				<align>center</align>
				<width>1250</width>
				<height>40</height>
				<font>font-18</font>
				<textcolor>$VAR[main_color]</textcolor>
			</control>
			<include name="import_addon_enabled" condition="System.HasAddon(script.skinshortcuts)"><param name="id" value="122" /><param name="addon" value="script.skinshortcuts" /></include>
			<include name="import_addon_disabled" condition="!System.HasAddon(script.skinshortcuts)" ><param name="id" value="122" /><param name="addon" value="script.skinshortcuts" /></include>
			<include name="import_addon_enabled" condition="System.HasAddon(script.skin.helper.service)"><param name="id" value="123" /><param name="addon" value="script.skin.helper.service" /></include>
			<include name="import_addon_disabled" condition="!System.HasAddon(script.skin.helper.service)"><param name="id" value="123" /><param name="addon" value="script.skin.helper.service" /></include>
			<include name="import_addon_enabled" condition="System.HasAddon(script.extendedinfo)"><param name="id" value="124" /><param name="addon" value="script.extendedinfo" /></include>
			<include name="import_addon_disabled" condition="!System.HasAddon(script.extendedinfo)"><param name="id" value="124" /><param name="addon" value="script.extendedinfo" /></include>
			<include name="import_addon_enabled" condition="System.HasAddon(service.library.data.provider)"><param name="id" value="125" /><param name="addon" value="service.library.data.provider" /></include>
			<include name="import_addon_disabled" condition="!System.HasAddon(service.library.data.provider)"><param name="id" value="125" /><param name="addon" value="service.library.data.provider" /></include>
			<include name="import_addon_enabled" condition="System.HasAddon(plugin.program.autocompletion)"><param name="id" value="126" /><param name="addon" value="plugin.program.autocompletion" /></include>
			<include name="import_addon_disabled" condition="!System.HasAddon(plugin.program.autocompletion)"><param name="id" value="126" /><param name="addon" value="plugin.program.autocompletion" /></include>
			<include name="import_addon_enabled" condition="System.HasAddon(script.image.resource.select)"><param name="id" value="127" /><param name="addon" value="script.image.resource.select" /></include>
			<include name="import_addon_disabled" condition="!System.HasAddon(script.image.resource.select)"><param name="id" value="127" /><param name="addon" value="script.image.resource.select" /></include>
			<include name="import_addon_enabled" condition="System.HasAddon(script.globalsearch)"><param name="id" value="128" /><param name="addon" value="script.globalsearch" /></include>
			<include name="import_addon_disabled" condition="!System.HasAddon(script.globalsearch)"><param name="id" value="128" /><param name="addon" value="script.globalsearch" /></include>
			<include name="import_addon_enabled" condition="System.HasAddon(script.favourites)"><param name="id" value="129" /><param name="addon" value="script.favourites" /></include>
			<include name="import_addon_disabled" condition="!System.HasAddon(script.favourites)"><param name="id" value="129" /><param name="addon" value="script.favourites" /></include>
			<include name="import_addon_enabled" condition="System.HasAddon(script.artwork.downloader)"><param name="id" value="130" /><param name="addon" value="script.artwork.downloader" /></include>
			<include name="import_addon_disabled" condition="!System.HasAddon(script.artwork.downloader)"><param name="id" value="130" /><param name="addon" value="script.artwork.downloader" /></include>
			<include name="import_addon_enabled" condition="System.HasAddon(script.tv.show.next.aired)"><param name="id" value="131" /><param name="addon" value="script.tv.show.next.aired" /></include>
			<include name="import_addon_disabled" condition="!System.HasAddon(script.tv.show.next.aired)"><param name="id" value="131" /><param name="addon" value="script.tv.show.next.aired" /></include>

			<control type="radiobutton" id="117">
				<posx>0</posx>
				<posy>0</posy>
				<label>$LOCALIZE[31030] NextAired</label>
				<onclick>Skin.ToggleSetting(NextAired)</onclick>
				<selected>Skin.HasSetting(NextAired)</selected>
				<visible>System.HasAddon(script.tv.show.next.aired)</visible>
				<include>radio_button_settings</include>
			</control>

			<control type="label" id="118">
				<description>Music Options</description>
				<posx>0</posx>
				<posy>-10</posy>
				<label>10005</label>
				<align>center</align>
				<width>1250</width>
				<height>40</height>
				<font>font-18</font>
				<textcolor>$VAR[main_color]</textcolor>
			</control>
			<control type="button" id="119">
				<label>31046</label>
				<label2>$INFO[Skin.String(music_path)]</label2>
				<onclick>Skin.SetPath(music_path)</onclick>
				<align>left</align>
				<width>1250</width>
				<include>button_settings_2</include>
			</control>
			<control type="button" id="120">
				<label>$LOCALIZE[31030] $LOCALIZE[24013]</label>
				<label2>$INFO[Skin.String(LyricScript_Path)]</label2>
				<onclick>Skin.SetAddon(LyricScript_Path,xbmc.python.lyrics)</onclick>
				<align>left</align>
				<width>1250</width>
				<include>button_settings_2</include>
			</control>
			<control type="radiobutton" id="121">
				<posx>0</posx>
				<posy>0</posy>
				<label>31038</label>
				<onclick>Skin.ToggleSetting(FullscreenMusic)</onclick>
				<selected>!Skin.HasSetting(FullscreenMusic)</selected>
				<include>radio_button_settings</include>
			</control>
		</control> 

		<!-- Home Screen Settings skin shortcuts -->
		<control type="grouplist" id="200">
			<posx>40</posx>
			<posy>117</posy>
			<width>1250</width>
			<height>955</height>
			<itemgap>0</itemgap>
			<onright>50</onright>
			<onup>200</onup>
			<ondown>200</ondown>
			<orientation>vertical</orientation>
			<usecontrolcoords>true</usecontrolcoords>
			<visible>StringCompare(Skin.String(Section),2)</visible>
			<control type="label" id="201">
				<posx>0</posx>
				<posy>0</posy>
				<description>Home Options</description>
				<label>31003</label>
				<align>center</align>
				<width>1250</width>
				<height>40</height>
				<font>font-18</font>
				<textcolor>$VAR[main_color]</textcolor>
			</control>
			<control type="label" id="202">
				<posx>0</posx>
				<posy>0</posy>
				<width>1250</width>
				<height>145</height>
				<label>$LOCALIZE[31018]</label>
				<align>center</align>
				<textcolor>grey</textcolor>
				<font>font-20</font>
				<wrapmultiline>true</wrapmultiline>
			</control>
			<control type="button" id="203">
				<posx>320</posx>
				<posy>10</posy>
				<label>[B]$LOCALIZE[31020][/B]</label>
				<onclick>RunScript(script.skinshortcuts,type=manage&amp;group=mainmenu)</onclick>
				<align>center</align>
				<width>600</width>
				<height>50</height>
				<textcolor>white</textcolor>
				<focusedcolor>white</focusedcolor>
				<texturenofocus colordiffuse="grey_50">white.png</texturenofocus>
				<texturefocus colordiffuse="$VAR[main_color]">white.png</texturefocus>
				<include>button_settings_2</include>
			</control>		
			<control type="label" id="204">
				<posx>0</posx>
				<posy>30</posy>
				<width>1250</width>
				<height>220</height>
				<label>$LOCALIZE[31019]</label>
				<align>center</align>
				<textcolor>grey</textcolor>
				<font>font-20</font>
				<wrapmultiline>true</wrapmultiline>
			</control>
			<!-- Reset all -->
			<control type="button" id="205">
				<posx>320</posx>
				<posy>10</posy>
				<align>center</align>
				<width>600</width>
				<height>50</height>
				<onclick>Skin.SetString(dialog_header,$LOCALIZE[10035])</onclick>			
				<onclick>Skin.SetString(dialog_action,RunScript(script.skinshortcuts,type=resetall))</onclick>			
				<onclick>Skin.SetString(dialog_msg,$LOCALIZE[31016])</onclick>
				<onclick>ActivateWindow(1131)</onclick>
				<onclick>Dialog.Close(all, true)</onclick>
				<onclick>ReloadSkin()</onclick>
				<!-- <onclick>RunScript(script.skinshortcuts,type=resetall)</onclick> -->
				<!-- <onclick>RunScript(script.skin.helper.service,action=dialogyesno,header=$LOCALIZE[10035],message=$LOCALIZE[31016],yesaction=RunScript(script.skinshortcuts:comma:type:equal:resetall))</onclick> -->
				<label>[B]$LOCALIZE[31012][/B]</label>
				<textcolor>red</textcolor>
				<focusedcolor>white</focusedcolor>
				<texturenofocus colordiffuse="grey_50">white.png</texturenofocus>
				<texturefocus colordiffuse="red">white.png</texturefocus>
				<include>button_settings_2</include>
			</control>
			<control type="label" id="206">
				<description>Seperator</description>
				<label>-</label>
				<posy>10</posy>
				<height>0</height>
				<font>font-18</font>
			</control>
			<control type="label" id="207">
				<posx>0</posx>
				<posy>0</posy>
				<description>Rotating Fanart Options</description>
				<label>31097</label>
				<align>center</align>
				<width>1250</width>
				<height>40</height>
				<font>font-18</font>
				<textcolor>$VAR[main_color]</textcolor>
			</control>
			<control type="button" id="208">
				<description>Fanart Replace Time in seconds</description>
				<align>left</align>
				<width>1250</width>
				<label>31052</label>
				<label2>$INFO[Skin.String(SkinHelper.RandomFanartDelay)]</label2>
				<align>left</align>
				<include>button_settings_2</include>
				<onclick>Skin.SetNumeric(SkinHelper.RandomFanartDelay)</onclick>
			</control>
			<control type="button" id="209">
				<description>Fanart Replace Time in seconds</description>
				<align>left</align>
				<width>1250</width>
				<label>31095</label>
				<label2>$INFO[Skin.String(SkinHelper.WallImagesDelay)]</label2>
				<align>left</align>
				<include>button_settings_2</include>
				<onclick>Skin.SetNumeric(SkinHelper.WallImagesDelay)</onclick>
			</control>
			<control type="button" id="210">
				<label>31096</label>
				<label2>$INFO[Skin.String(SkinHelper.CustomPicturesBackgroundPath)]</label2>
				<onclick>Skin.SetPath(SkinHelper.CustomPicturesBackgroundPath)</onclick>
				<align>left</align>
				<width>1250</width>
				<include>button_settings_2</include>
			</control>
			<control type="label" id="211">
				<description>Password Protection</description>
				<label>$LOCALIZE[31084]</label>
				<align>center</align>
				<posx>0</posx>
				<posy>0</posy>
				<width>1250</width>
				<height>40</height>
				<font>font-18</font>
				<textcolor>$VAR[main_color]</textcolor>
			</control>
			<control type="button" id="212">
				<description>Change Password</description>
				<label>$LOCALIZE[12340]</label>
				<include>align_tag</include>
				<width>1250</width>
				<include>button_settings_2</include>
				<onclick>Skin.SetString(temp)</onclick>
				<onclick>Skin.SetString(passcode,$VAR[temp_passcode])</onclick>
				<onclick>Notification($LOCALIZE[15052],$LOCALIZE[31085],3250,key.png)</onclick>
				<onclick>Skin.Reset(temp)</onclick>
			</control>
			<control type="button" id="213">
				<label>$LOCALIZE[31087]</label>
				<label2>$VAR[password_time] $LOCALIZE[12391]</label2>
				<onclick condition="IsEmpty(Skin.String(password_time)) | StringCompare(Skin.String(password_time),5)">Skin.SetString(password_time,10)</onclick>
				<onclick condition="StringCompare(Skin.String(password_time),10)">Skin.SetString(password_time,30)</onclick>
				<onclick condition="StringCompare(Skin.String(password_time),30)">Skin.SetString(password_time,1)</onclick>
				<onclick condition="StringCompare(Skin.String(password_time),1)">Skin.SetString(password_time,5)</onclick>
				<onclick>AlarmClock(parental,Skin.Reset(mypassword),$VAR[password_time],Silent)</onclick>
				<align>left</align>
				<width>1250</width>
				<include>button_settings_2</include>
			</control>
			<control type="button" id="214">
				<description>password_fanart</description>
				<label>$LOCALIZE[31088]</label>
				<include>align_tag</include>
				<width>1250</width>
				<include>button_settings_2</include>
				<onclick>Skin.SetImage(password_fanart,.,special://skin/backgrounds)</onclick>
			</control>
		</control>

		<!-- Design -->
		<control type="scrollbar" id="63">
			<posx>423</posx>
			<posy>85</posy>
			<width>10</width>
			<height>492</height>
			<include>scroll_bar</include>
			<onleft>350</onleft>
			<onright>325</onright>
			<ondown>63</ondown>
			<onup>63</onup>
			<showonepage>false</showonepage>
			<orientation>vertical</orientation>
			<visible>StringCompare(Skin.String(Section),3)</visible>
		</control>
		<control type="grouplist" id="325">
			<posx>440</posx>
			<posy>117</posy>
			<width>860</width>
			<height>460</height>
			<itemgap>0</itemgap>
			<onleft>63</onleft>
			<onright>50</onright>
			<onup>325</onup>
			<ondown>325</ondown>
			<orientation>vertical</orientation>
			<pagecontrol>63</pagecontrol>
			<visible>StringCompare(Skin.String(Section),3)</visible>
			<control type="button" id="301">
				<description>Main-Color</description>
				<label>$LOCALIZE[31022]</label>
				<include>align_tag</include>
				<width>860</width>
				<include>button_settings_2</include>
				<onclick>RunScript(script.skin.helper.service,action=colorpicker,skinstring=main_color,header=main_color)</onclick>
			</control>
			<control type="button" id="370">
				<description>Mouse-Color</description>
				<label>$LOCALIZE[31129]</label>
				<include>align_tag</include>
				<width>860</width>
				<include>button_settings_2</include>
				<onclick>RunScript(script.skin.helper.service,action=colorpicker,skinstring=mouse_color,header=mouse_color)</onclick>
			</control>
			<control type="label" id="302">
				<description>Top Bar</description>
				<label>$LOCALIZE[31043]</label>
				<align>center</align>
				<width>860</width>
				<height>40</height>
				<font>font-18</font>
				<textcolor>$VAR[main_color]</textcolor>
			</control>
			<control type="radiobutton" id="303">
				<posx>810</posx>
				<posy>0</posy>
				<width>860</width>
				<radioposx>810</radioposx>
				<label>31043</label>			
				<onclick>Skin.ToggleSetting(Home_HideTopBar)</onclick>
				<!-- 	<onclick>Skin.SetString(AfterReload,303)</onclick>
				<onclick>Skin.SetString(AfterReload_Category,96)</onclick>
				<onclick>AlarmClock(name,Skin.Reset(AfterReload),00:01,silent)</onclick>	
				<onclick>ReloadSkin()</onclick>  -->		
				<selected>!Skin.HasSetting(Home_HideTopBar)</selected>
				<include>radio_button_settings</include>
			</control>
			<control type="button" id="304">		
				<description>TopBar TLevel Home</description>		
				<posx>550</posx>		
				<posy>0</posy>		
				<width>860</width>		
				<align>left</align>		
				<include>button_settings_2</include>		
				<label>$LOCALIZE[31043] - $LOCALIZE[31039]</label>		
				<label2>$INFO[Skin.String(topbar_home_opacity),,%]</label2>		
				<onclick condition="skin.string(topbar_home_opacity, 100)">Skin.SetString(topbar_home_opacity, 90)</onclick>		
				<onclick condition="skin.string(topbar_home_opacity, 90)">Skin.SetString(topbar_home_opacity, 80)</onclick>		
				<onclick condition="skin.string(topbar_home_opacity, 80)">Skin.SetString(topbar_home_opacity, 70)</onclick>		
				<onclick condition="skin.string(topbar_home_opacity, 70) | IsEmpty(skin.string(topbar_home_opacity))">Skin.SetString(topbar_home_opacity, 60)</onclick>		
				<onclick condition="skin.string(topbar_home_opacity, 60)">Skin.SetString(topbar_home_opacity, 50)</onclick>		
				<onclick condition="skin.string(topbar_home_opacity, 50)">Skin.SetString(topbar_home_opacity, 40)</onclick>		
				<onclick condition="skin.string(topbar_home_opacity, 40)">Skin.SetString(topbar_home_opacity, 30)</onclick>		
				<onclick condition="skin.string(topbar_home_opacity, 30)">Skin.SetString(topbar_home_opacity, 20)</onclick>		
				<onclick condition="skin.string(topbar_home_opacity, 20)">Skin.SetString(topbar_home_opacity, 10)</onclick>		
				<onclick condition="skin.string(topbar_home_opacity, 10)">Skin.SetString(topbar_home_opacity, 0)</onclick>		
				<onclick condition="skin.string(topbar_home_opacity, 0)">Skin.SetString(topbar_home_opacity, 100)</onclick>		
				<enable>!Skin.HasSetting(Home_HideTopBar)</enable>		
			</control>
			<control type="button" id="305">
				<description>Top Bar: Choose Color Of text</description>
				<label>$LOCALIZE[31023]</label>
				<include>align_tag</include>
				<width>860</width>
				<include>button_settings_2</include>
				<onclick>RunScript(script.skin.helper.service,action=colorpicker,skinstring=topbar_text_color)</onclick>
				<visible>!Skin.HasSetting(Home_HideTopBar)</visible>
			</control>
			<control type="button" id="306">
				<description>Top Bar: rss header color</description>
				<label>$LOCALIZE[31024]</label>
				<include>align_tag</include>
				<width>860</width>
				<include>button_settings_2</include>
				<onclick>RunScript(script.skin.helper.service,action=colorpicker,skinstring=topbar_rss1_color)</onclick>
				<enable>system.getbool(lookandfeel.enablerssfeeds)</enable>
			</control>
			<control type="button" id="307">
				<description>Top Bar: rss text color</description>
				<label>$LOCALIZE[31025]</label>
				<include>align_tag</include>
				<width>860</width>
				<include>button_settings_2</include>
				<onclick>RunScript(script.skin.helper.service,action=colorpicker,skinstring=topbar_rss2_color)</onclick>
				<enable>system.getbool(lookandfeel.enablerssfeeds)</enable>
			</control>
			<control type="radiobutton" id="308">
				<description>Show Weather Icon</description>
				<label>$LOCALIZE[31026]</label>
				<onclick>Skin.ToggleSetting(Home_Weather_Icon)</onclick> 
				<selected>!Skin.HasSetting(Home_Weather_Icon)</selected>
				<posx>810</posx>
				<posy>0</posy>
				<width>860</width>
				<radioposx>810</radioposx>
				<include>radio_button_settings</include> 
			</control>
			<control type="label" id="310">
				<posx>0</posx>
				<posy>0</posy>
				<description>Options</description>
				<label>$LOCALIZE[14018] - $LOCALIZE[513]</label>
				<align>center</align>
				<width>860</width>
				<height>40</height>
				<font>font-18</font>
				<textcolor>$VAR[main_color]</textcolor>
			</control>
			<control type="radiobutton" id="311">
				<posx>810</posx>
				<posy>0</posy>
				<width>860</width>
				<radioposx>810</radioposx>
				<label>31047</label>
				<onclick>Skin.ToggleSetting(Home_Horizontal)</onclick>
				<onclick>Skin.SetString(AfterReload,311)</onclick>
				<onclick>Skin.SetString(AfterReload_Category,96)</onclick>
				<onclick>AlarmClock(name,Skin.Reset(AfterReload),00:01,silent)</onclick>	
				<onclick>ReloadSkin()</onclick> 
				<selected>Skin.HasSetting(Home_Horizontal)</selected>
				<include>radio_button_settings</include>
			</control>	
			<control type="radiobutton" id="320">
				<posx>810</posx>
				<posy>0</posy>
				<width>860</width>
				<radioposx>810</radioposx>
				<label>31151</label>
				<onclick>Skin.ToggleSetting(Home_Eminence_Layout)</onclick>
				<onclick>Skin.SetString(AfterReload,320)</onclick>
				<onclick>Skin.SetString(AfterReload_Category,96)</onclick>
				<onclick>AlarmClock(name,Skin.Reset(AfterReload),00:01,silent)</onclick>	
				<onclick>ReloadSkin()</onclick>
				<selected>Skin.HasSetting(Home_Eminence_Layout)</selected>
				<enable>Skin.HasSetting(Home_Horizontal)</enable>
				<include>radio_button_settings</include>
			</control>	
			<control type="radiobutton" id="315">
				<description>Pin Widgets</description>
				<posx>810</posx>
				<posy>0</posy>
				<width>860</width>
				<radioposx>810</radioposx>
				<label>31061</label>
				<onclick>Skin.ToggleSetting(HideWidgets)</onclick>
				<onclick>Skin.SetString(AfterReload,315)</onclick>
				<onclick>Skin.SetString(AfterReload_Category,96)</onclick>
				<onclick>AlarmClock(name,Skin.Reset(AfterReload),00:01,silent)</onclick>	
				<onclick>ReloadSkin()</onclick> 
				<selected>!Skin.HasSetting(HideWidgets)</selected>
				<include>radio_button_settings</include>
			</control>
			<control type="button" id="312">
				<description>menu bg color</description>
				<posx>550</posx>
				<posy>0</posy>
				<width>860</width>
				<include>align_tag</include>
				<label>31049</label>
				<include>button_settings_2</include>
				<onclick>RunScript(script.skin.helper.service,action=colorpicker,skinstring=menu_bg_color)</onclick>
				<visible>Skin.HasSetting(Home_Horizontal)</visible>
			</control>
			<control type="button" id="313">
				<description>SubMenu BG color</description>
				<posx>550</posx>
				<posy>0</posy>
				<width>860</width>
				<label>31054</label>
				<include>align_tag</include>
				<include>button_settings_2</include>
				<onclick>RunScript(script.skin.helper.service,action=colorpicker,skinstring=submenu_color)</onclick>
				<visible>Skin.HasSetting(Home_Horizontal)</visible>
			</control>
			<control type="button" id="316">
				<description>Icons nf color</description>
				<posx>550</posx>
				<posy>0</posy>
				<width>860</width>
				<label>31051</label>
				<include>align_tag</include>
				<include>button_settings_2</include>
				<onclick>RunScript(script.skin.helper.service,action=colorpicker,skinstring=menu_icon_color_nf)</onclick>
				<visible>!Skin.HasSetting(Home_Eminence_Layout)</visible>
			</control>
			<control type="button" id="317">
				<description>Menu Background Home TLevel</description>
				<posx>550</posx>
				<posy>0</posy>
				<width>860</width>
				<align>left</align>
				<include>button_settings_2</include>
				<label>$LOCALIZE[31039] - $LOCALIZE[33061]</label>
				<label2>$INFO[Skin.String(menu_bg_opacity),,%]</label2>
				<onclick condition="Skin.String(menu_bg_opacity, 100) | IsEmpty(Skin.String(menu_bg_opacity))">Skin.SetString(menu_bg_opacity, 90)</onclick>
				<onclick condition="Skin.String(menu_bg_opacity, 90)">Skin.SetString(menu_bg_opacity, 80)</onclick>
				<onclick condition="Skin.String(menu_bg_opacity, 80)">Skin.SetString(menu_bg_opacity, 70)</onclick>
				<onclick condition="Skin.String(menu_bg_opacity, 70)">Skin.SetString(menu_bg_opacity, 60)</onclick>
				<onclick condition="Skin.String(menu_bg_opacity, 60)">Skin.SetString(menu_bg_opacity, 50)</onclick>
				<onclick condition="Skin.String(menu_bg_opacity, 50)">Skin.SetString(menu_bg_opacity, 40)</onclick>
				<onclick condition="Skin.String(menu_bg_opacity, 40)">Skin.SetString(menu_bg_opacity, 30)</onclick>
				<onclick condition="Skin.String(menu_bg_opacity, 30)">Skin.SetString(menu_bg_opacity, 20)</onclick>
				<onclick condition="Skin.String(menu_bg_opacity, 20)">Skin.SetString(menu_bg_opacity, 10)</onclick>
				<onclick condition="Skin.String(menu_bg_opacity, 10)">Skin.SetString(menu_bg_opacity, 0)</onclick>
				<onclick condition="Skin.String(menu_bg_opacity, 0)">Skin.SetString(menu_bg_opacity, 100)</onclick>
			</control>
			<control type="label" id="318">
				<posx>0</posx>
				<posy>0</posy>
				<description>Custom Backgrounds</description>
				<label>$LOCALIZE[33071]</label>
				<align>center</align>
				<width>860</width>
				<height>40</height>
				<font>font-18</font>
				<textcolor>$VAR[main_color]</textcolor>
			</control>
			<control type="button" id="319">
				<posx>550</posx>
				<posy>0</posy>
				<width>860</width>
				<textwidth>600</textwidth>
				<align>left</align>
				<label>$LOCALIZE[19190] - $LOCALIZE[501]:</label>
				<label2>$INFO[Skin.String(default_global_bg)]</label2>
				<onclick>Skin.SetFile(default_global_bg)</onclick>
				<include>button_settings_2</include>
			</control>
			<control type="button" id="321">
				<posx>550</posx>
				<posy>0</posy>
				<width>860</width>
				<textwidth>600</textwidth>
				<align>left</align>
				<label>$LOCALIZE[19190] - $LOCALIZE[2]:</label>
				<label2>$INFO[Skin.String(default_music_bg)]</label2>
				<onclick>Skin.SetFile(default_music_bg)</onclick>
				<include>button_settings_2</include>
			</control>
			<control type="button" id="322">
				<posx>550</posx>
				<posy>0</posy>
				<width>860</width>
				<textwidth>600</textwidth>
				<align>left</align>
				<label>$LOCALIZE[19190] - $LOCALIZE[19191]:</label>
				<label2>$INFO[Skin.String(default_livetv_bg)]</label2>
				<onclick>Skin.SetFile(default_livetv_bg)</onclick>
				<include>button_settings_2</include>
			</control>
			<control type="button" id="323">
				<posx>550</posx>
				<posy>0</posy>
				<width>860</width>
				<textwidth>600</textwidth>
				<align>left</align>
				<label>$LOCALIZE[19190] - $LOCALIZE[1]:</label>
				<label2>$INFO[Skin.String(default_pictures_bg)]</label2>
				<onclick>Skin.SetFile(default_pictures_bg)</onclick>
				<include>button_settings_2</include>
			</control>
		</control>

		<control type="group">
			<posx>420</posx>
			<posy>580</posy>
			<visible>StringCompare(Skin.String(Section),3)</visible>
			<control type="image">
				<width>880</width>
				<height>500</height>
				<aspectratio>keep</aspectratio>
				<texture background="true">$VAR[default_global_bg]</texture>
				<visible>Control.HasFocus(319)</visible>
			</control>
			<control type="image">
				<width>880</width>
				<height>500</height>
				<aspectratio>keep</aspectratio>
				<texture background="true">$VAR[default_music_bg]</texture>
				<visible>Control.HasFocus(321)</visible>
			</control>
			<control type="image">
				<width>880</width>
				<height>500</height>
				<aspectratio>keep</aspectratio>
				<texture background="true">$VAR[default_livetv_bg]</texture>
				<visible>Control.HasFocus(322)</visible>
			</control>
			<control type="image">
				<width>880</width>
				<height>500</height>
				<aspectratio>keep</aspectratio>
				<texture background="true">$VAR[default_pictures_bg]</texture>
				<visible>Control.HasFocus(323)</visible>
			</control>
		</control>
		<control type="grouplist" id="350">
			<posx>10</posx>
			<posy>117</posy>
			<width>400</width>
			<height>950</height>
			<itemgap>0</itemgap>
			<onleft>noop</onleft>
			<onright>50</onright>
			<onup>350</onup>
			<ondown>350</ondown>
			<orientation>vertical</orientation>
			<visible>StringCompare(Skin.String(Section),3)</visible>
			<animation effect="slide" end="-410" time="200" condition="Window.IsActive(script-skin_helper_service-ColorPicker.xml)">Conditional</animation>
			<control type="label" id="351">
				<description>Theme Options</description>
				<label>31063</label>
				<align>center</align>
				<width>400</width>
				<height>40</height>
				<font>font-18</font>
				<textcolor>$VAR[main_color]</textcolor>
			</control>
			<control type="button" id="352">
				<description>Pick Backgrounds Pack</description>
				<label>31109</label>
				<align>center</align>
				<width>400</width>
				<include>button_settings_2</include>
				<onclick>RunScript(script.image.resource.select,property=home.fanart&amp;type=resource.images.skinbackgrounds)</onclick> 
			</control>
			<control type="button" id="354">
				<description>Apply Packs - Backgrounds</description>
				<label>$LOCALIZE[31112] - $LOCALIZE[33069]</label>
				<align>center</align>
				<width>400</width>
				<include>button_settings_2</include>
				<onclick condition="!IsEmpty(Skin.String(home.fanart.path))">Skin.SetString(dialog_header,$LOCALIZE[732])</onclick>			
				<onclick condition="!IsEmpty(Skin.String(home.fanart.path))">Skin.SetString(dialog_action,RunScript(script.skinshortcuts,type=setProperty&amp;property=background|background|background|background|background|background|background|background|background|background|background|background|background|background|background&amp;value=$INFO[Skin.String(home.fanart.path)]video$INFO[Skin.String(home.fanart.ext)]|$INFO[Skin.String(home.fanart.path)]dvd$INFO[Skin.String(home.fanart.ext)]|$INFO[Skin.String(home.fanart.path)]movies$INFO[Skin.String(home.fanart.ext)]|$INFO[Skin.String(home.fanart.path)]tvshows$INFO[Skin.String(home.fanart.ext)]|$INFO[Skin.String(home.fanart.path)]addons$INFO[Skin.String(home.fanart.ext)]|$INFO[Skin.String(home.fanart.path)]livetv$INFO[Skin.String(home.fanart.ext)]|$INFO[Skin.String(home.fanart.path)]music$INFO[Skin.String(home.fanart.ext)]|$INFO[Skin.String(home.fanart.path)]musicvideos$INFO[Skin.String(home.fanart.ext)]|$INFO[Skin.String(home.fanart.path)]pictures$INFO[Skin.String(home.fanart.ext)]|$INFO[Skin.String(home.fanart.path)]software$INFO[Skin.String(home.fanart.ext)]|$INFO[Skin.String(home.fanart.path)]favorites$INFO[Skin.String(home.fanart.ext)]|$INFO[Skin.String(home.fanart.path)]weather$INFO[Skin.String(home.fanart.ext)]|$INFO[Skin.String(home.fanart.path)]search$INFO[Skin.String(home.fanart.ext)]|$INFO[Skin.String(home.fanart.path)]settings$INFO[Skin.String(home.fanart.ext)]|$INFO[Skin.String(home.fanart.path)]power$INFO[Skin.String(home.fanart.ext)]&amp;labelID=videos|dvd|movies|tvshows|24001|livetv|music|musicvideos|pictures|programs|1036|weather|script.globalsearch|settings|power))</onclick>			
				<onclick condition="!IsEmpty(Skin.String(home.fanart.path))">Skin.SetString(dialog_msg,$LOCALIZE[31111])</onclick>
				<onclick condition="!IsEmpty(Skin.String(home.fanart.path))">ActivateWindow(1131)</onclick>
				<onclick condition="IsEmpty(Skin.String(home.fanart.path))">RunScript(script.skinshortcuts,type=setProperty&amp;property=background|background|background|background|background|background|background|background|background|background|background|background|background|background&amp;value=special://skin/backgrounds/videos.jpg|special://skin/backgrounds/dvd.jpg|::INFO::[Window(Home).Property(SkinHelper.AllMoviesBackground)]|::INFO::[Window(Home).Property(SkinHelper.AllTvShowsBackground)]|special://skin/backgrounds/addons.jpg|special://skin/backgrounds/livetv.jpg|::INFO::[Window(Home).Property(SkinHelper.AllMusicBackground)]|::INFO::[Window(Home).Property(SkinHelper.AllMusicVideosBackground)]|special://skin/backgrounds/pictures.jpg|special://skin/backgrounds/programs.jpg|special://skin/backgrounds/favourites.jpg|weather|special://skin/backgrounds/search.jpg|special://skin/backgrounds/settings.jpg&amp;labelID=videos|dvd|movies|tvshows|24001|livetv|music|musicvideos|pictures|programs|1036|weather|script.globalsearch|settings)</onclick>
			</control>
			<control type="button" id="353">
				<description>Pick Icons Pack</description>
				<label>31110</label>
				<align>center</align>
				<width>400</width>
				<include>button_settings_2</include>
				<onclick>RunScript(script.image.resource.select,property=home.icons&amp;type=resource.images.skinicons)</onclick>
			</control>
			<control type="button" id="371">
				<description>Apply Packs - Icons</description>
				<label>$LOCALIZE[31112] - $LOCALIZE[536]</label>
				<align>center</align>
				<width>400</width>
				<include>button_settings_2</include>
				<onclick condition="!IsEmpty(Skin.String(home.icons.path))">Skin.SetString(dialog_header,$LOCALIZE[732])</onclick>			
				<onclick condition="!IsEmpty(Skin.String(home.icons.path))">Skin.SetString(dialog_action,RunScript(script.skinshortcuts,type=setProperty&amp;property=thumb|thumb|thumb|thumb|thumb|thumb|thumb|thumb|thumb|thumb|thumb|thumb|thumb|thumb|thumb&amp;value=$INFO[Skin.String(home.icons.path)]video$INFO[Skin.String(home.icons.ext)]|$INFO[Skin.String(home.icons.path)]dvd$INFO[Skin.String(home.icons.ext)]|$INFO[Skin.String(home.icons.path)]movies$INFO[Skin.String(home.icons.ext)]|$INFO[Skin.String(home.icons.path)]tvshows$INFO[Skin.String(home.icons.ext)]|$INFO[Skin.String(home.icons.path)]addons$INFO[Skin.String(home.icons.ext)]|$INFO[Skin.String(home.icons.path)]livetv$INFO[Skin.String(home.icons.ext)]|$INFO[Skin.String(home.icons.path)]music$INFO[Skin.String(home.icons.ext)]|$INFO[Skin.String(home.icons.path)]musicvideos$INFO[Skin.String(home.icons.ext)]|$INFO[Skin.String(home.icons.path)]pictures$INFO[Skin.String(home.icons.ext)]|$INFO[Skin.String(home.icons.path)]software$INFO[Skin.String(home.icons.ext)]|$INFO[Skin.String(home.icons.path)]favorites$INFO[Skin.String(home.icons.ext)]|$INFO[Skin.String(home.icons.path)]weather$INFO[Skin.String(home.icons.ext)]|$INFO[Skin.String(home.icons.path)]search$INFO[Skin.String(home.icons.ext)]|$INFO[Skin.String(home.icons.path)]settings$INFO[Skin.String(home.icons.ext)]|$INFO[Skin.String(home.icons.path)]power$INFO[Skin.String(home.icons.ext)]&amp;labelID=videos|dvd|movies|tvshows|24001|livetv|music|musicvideos|pictures|programs|1036|weather|script.globalsearch|settings|power))</onclick>			
				<onclick condition="!IsEmpty(Skin.String(home.icons.path))">Skin.SetString(dialog_msg,$LOCALIZE[31111])</onclick>
				<onclick condition="!IsEmpty(Skin.String(home.icons.path))">ActivateWindow(1131)</onclick>
				<onclick condition="IsEmpty(Skin.String(home.icons.path))">RunScript(script.skinshortcuts,type=setProperty&amp;property=thumb|thumb|thumb|thumb|thumb|thumb|thumb|thumb|thumb|thumb|thumb|thumb|thumb|thumb|thumb&amp;value=special://skin/extras/icons/videos.png|special://skin/extras/icons/dvd.png|special://skin/extras/icons/movies.png|special://skin/extras/icons/tvshows.png|special://skin/extras/icons/vaddons.png|special://skin/extras/icons/tv.png|special://skin/extras/icons/music.png|special://skin/extras/icons/musicvideos.png|special://skin/extras/icons/pictures.png|special://skin/extras/icons/programs.png|special://skin/extras/icons/favourites.png|special://skin/extras/icons/weather.png|special://skin/extras/icons/search.png|special://skin/extras/icons/settings.png|special://skin/extras/icons/power.png&amp;labelID=videos|dvd|movies|tvshows|24001|livetv|music|musicvideos|pictures|programs|1036|weather|script.globalsearch|settings|power)</onclick>
			</control>
			<control type="button" id="373">
				<description>Refresh Live Preview</description>
				<label>$LOCALIZE[184] $LOCALIZE[1000]</label>
				<align>center</align>
				<width>400</width>
				<include>button_settings_2</include>
				<onclick>Skin.SetString(AfterReload,373)</onclick>
				<onclick>Skin.SetString(AfterReload_Category,96)</onclick>
				<onclick>AlarmClock(name,Skin.Reset(AfterReload),00:01,silent)</onclick>
				<onclick>ReloadSkin()</onclick> 
			</control>		
			<control type="label" id="374">
				<description>Custom Genre Icons</description>
				<label>$LOCALIZE[31158]</label>
				<align>center</align>
				<width>400</width>
				<height>40</height>
				<font>font-18</font>
				<textcolor>$VAR[main_color]</textcolor>
			</control>
			<control type="button" id="375">
				<align>center</align>
				<width>400</width>
				<label>$LOCALIZE[31110] - $LOCALIZE[20342]</label>
				<onclick condition="System.HasAddon(script.image.resource.select)">RunScript(script.image.resource.select,property=MovieGenreIconPack&amp;type=resource.images.moviegenreicons)</onclick>
				<onclick condition="!System.HasAddon(script.image.resource.select)">RunPlugin(plugin://script.image.resource.select)</onclick>
				<include>button_settings_2</include>
			</control>
			<control type="button" id="376">
				<align>center</align>
				<width>400</width>
				<label>$LOCALIZE[31110] - $LOCALIZE[249]</label>
				<onclick condition="System.HasAddon(script.image.resource.select)">RunScript(script.image.resource.select,property=MusicGenreIconPack&amp;type=resource.images.musicgenreicons)</onclick>
				<onclick condition="!System.HasAddon(script.image.resource.select)">RunPlugin(plugin://script.image.resource.select)</onclick>
				<include>button_settings_2</include>
			</control>
			<control type="label" id="377">
				<description>Custom Weather Icons</description>
				<label>$LOCALIZE[31180]</label>
				<align>center</align>
				<width>400</width>
				<height>40</height>
				<font>font-18</font>
				<textcolor>$VAR[main_color]</textcolor>
			</control>
			<control type="button" id="378">
				<description>Choose Weather Icons</description>
				<label>$LOCALIZE[31027]</label>
				<align>center</align>
				<width>400</width>
				<include>button_settings_2</include>
				<onclick>RunScript(script.image.resource.select,property=weather.icons&amp;type=resource.images.weathericons)</onclick>
				<enable>!Skin.HasSetting(Home_Weather_Icon)</enable>
			</control>
			<control type="button" id="379">
				<description>Choose Weather Fanarts</description>
				<label>$LOCALIZE[31108]</label>
				<align>center</align>
				<width>400</width>
				<include>button_settings_2</include>
				<onclick>RunScript(script.image.resource.select,property=weather.fanart&amp;type=resource.images.weatherfanart)</onclick>
				<enable>!Skin.HasSetting(Home_Weather_Icon)</enable>
			</control>

			<!-- View Control -->
			<control type="label" id="355">
				<description>Views</description>
				<label>31075</label>
				<align>center</align>
				<width>400</width>
				<height>40</height>
				<font>font-18</font>
				<textcolor>$VAR[main_color]</textcolor>
			</control>
			<control type="button" id="356">
				<description>Disable views</description>
				<label>31076</label>
				<align>center</align>
				<width>400</width>
				<include>button_settings_2</include>
				<onclick>RunScript(script.skin.helper.service,action=enableviews)</onclick>
			</control>
			<control type="label" id="350">
				<description>Force Views</description>
				<label>31115</label>
				<align>center</align>
				<width>400</width>
				<height>40</height>
				<font>font-18</font>
				<textcolor>$VAR[main_color]</textcolor>
			</control>
			<control type="radiobutton" id="358">
				<label>31116</label>
				<width>400</width>
				<radioposx>355</radioposx>
				<textoffsetx>60</textoffsetx>
				<align>right</align>
				<textwidth>355</textwidth>
				<include>radio_button_settings</include>
				<onclick>Skin.ToggleSetting(SkinHelper.ForcedViews.Enabled)</onclick>
				<selected>Skin.HasSetting(SkinHelper.ForcedViews.Enabled)</selected>
			</control>
			<control type="button" id="359">
				<description>Force For Movies</description>
				<onclick>RunScript(script.skin.helper.service,action=setforcedview,contenttype=movies)</onclick>
				<visible>Skin.HasSetting(SkinHelper.ForcedViews.Enabled)</visible>
				<label>$LOCALIZE[31117]: $INFO[Skin.String(SkinHelper.ForcedViews.movies)]</label>			
				<include>button_settings_2</include>
			</control>
			<control type="button" id="360">
				<description>Force For tvshows</description>
				<onclick>RunScript(script.skin.helper.service,action=setforcedview,contenttype=tvshows)</onclick>
				<visible>Skin.HasSetting(SkinHelper.ForcedViews.Enabled)</visible>
				<label>$LOCALIZE[31118]:  $INFO[Skin.String(SkinHelper.ForcedViews.tvshows)]</label>
				<include>button_settings_2</include>
			</control>
			<control type="button" id="361">
				<description>Force For Seasons</description>
				<onclick>RunScript(script.skin.helper.service,action=setforcedview,contenttype=seasons)</onclick>
				<visible>Skin.HasSetting(SkinHelper.ForcedViews.Enabled)</visible>
				<label>$LOCALIZE[31119]:  $INFO[Skin.String(SkinHelper.ForcedViews.seasons)]</label>
				<include>button_settings_2</include>
			</control>
			<control type="button" id="362">
				<description>Force For Episodes</description>
				<onclick>RunScript(script.skin.helper.service,action=setforcedview,contenttype=episodes)</onclick>
				<visible>Skin.HasSetting(SkinHelper.ForcedViews.Enabled)</visible>
				<label>$LOCALIZE[31120]: $INFO[Skin.String(SkinHelper.ForcedViews.episodes)]</label>
				<include>button_settings_2</include>
			</control>
			<control type="button" id="363">
				<description>Force For Sets</description>
				<onclick>RunScript(script.skin.helper.service,action=setforcedview,contenttype=sets)</onclick>
				<visible>Skin.HasSetting(SkinHelper.ForcedViews.Enabled)</visible>
				<label>$LOCALIZE[31121]: $INFO[Skin.String(SkinHelper.ForcedViews.sets)]</label>
				<include>button_settings_2</include>
			</control>
			<control type="button" id="364">
				<description>Force For Inside Sets</description>
				<onclick>RunScript(script.skin.helper.service,action=setforcedview,contenttype=setmovies)</onclick>
				<visible>Skin.HasSetting(SkinHelper.ForcedViews.Enabled)</visible>
				<label>$LOCALIZE[31122]: $INFO[Skin.String(SkinHelper.ForcedViews.setmovies)]</label>
				<include>button_settings_2</include>
			</control>
			<control type="button" id="365">
				<description>Force For Artists</description>
				<onclick>RunScript(script.skin.helper.service,action=setforcedview,contenttype=artists)</onclick>
				<visible>Skin.HasSetting(SkinHelper.ForcedViews.Enabled)</visible>
				<label>$LOCALIZE[31123]: $INFO[Skin.String(SkinHelper.ForcedViews.artists)]</label>
				<include>button_settings_2</include>
			</control>
			<control type="button" id="366">
				<description>Force For Albums</description>
				<onclick>RunScript(script.skin.helper.service,action=setforcedview,contenttype=albums)</onclick>
				<visible>Skin.HasSetting(SkinHelper.ForcedViews.Enabled)</visible>
				<label>$LOCALIZE[31124]: $INFO[Skin.String(SkinHelper.ForcedViews.albums)]</label>
				<include>button_settings_2</include>
			</control>
			<control type="button" id="367">
				<description>Force For Songs</description>
				<onclick>RunScript(script.skin.helper.service,action=setforcedview,contenttype=songs)</onclick>
				<visible>Skin.HasSetting(SkinHelper.ForcedViews.Enabled)</visible>
				<label>$LOCALIZE[31125]: $INFO[Skin.String(SkinHelper.ForcedViews.songs)]</label>
				<include>button_settings_2</include>
			</control>
			<control type="button" id="368">
				<description>Force For Pictures</description>
				<onclick>RunScript(script.skin.helper.service,action=setforcedview,contenttype=pictures)</onclick>
				<visible>Skin.HasSetting(SkinHelper.ForcedViews.Enabled)</visible>
				<label>$LOCALIZE[31126]: $INFO[Skin.String(SkinHelper.ForcedViews.pictures)]</label>
				<include>button_settings_2</include>
			</control>
			<control type="button" id="369">
				<description>Force For Files</description>
				<onclick>RunScript(script.skin.helper.service,action=setforcedview,contenttype=files)</onclick>
				<visible>Skin.HasSetting(SkinHelper.ForcedViews.Enabled)</visible>
				<label>$LOCALIZE[31127]: $INFO[Skin.String(SkinHelper.ForcedViews.files)]</label>
				<include>button_settings_2</include>
			</control>
		</control>

		<!-- Credits -->
		<control type="group">
			<posx>0</posx>
			<posy>117</posy>
			<width>1340</width>
			<height>955</height>
			<visible>StringCompare(Skin.String(Section),4)</visible>
			<control type="label">
				<description>Credits</description>
				<posx>0</posx>
				<posy>0</posy>
				<label>470</label>
				<align>center</align>
				<width>1250</width>
				<height>40</height>
				<font>font-25</font>
				<textcolor>$VAR[main_color]</textcolor>
			</control>
			<control type="image">
				<posx>1192</posx>
				<posy>50</posy>
				<width>48</width>
				<height>48</height>
				<texture colordiffuse="gold">special://skin/extras/icons/favourites.png</texture>
				<animation effect="slide" end="-1180" time="0" condition="!StringCompare(System.Language,Hebrew) + !Skin.HasSetting(Prefer_RTL)">Conditional</animation>
			</control>
			<control type="textbox">
				<posx>80</posx>
				<posy>50</posy>
				<width>1100</width>
				<height>150</height>
				<include>align_tag</include>
				<font>font-18</font>
				<label>31128</label>
				<textcolor>grey_50</textcolor>
			</control>
			<control type="textbox">
				<posx>0</posx>
				<posy>900</posy>
				<width>1340</width>
				<height>360</height>
				<font>font-22</font>
				<align>center</align>
				<textcolor>grey_50</textcolor>
				<label>$INFO[Container(400).ListItem.Label2]</label>
				<font>font-20</font>
			</control>
			<control type="wraplist" id="400">
				<posx>0</posx>
				<posy>400</posy>
				<width>1340</width>
				<height>502</height>
				<onleft>400</onleft>
				<onright>400</onright>
				<onup>97</onup>
				<ondown>97</ondown>
				<viewtype label="536">wraplist</viewtype>
				<scrolltime>2500</scrolltime>
				<autoscroll>true</autoscroll>
				<focusposition>2</focusposition>
				<orientation>horizontal</orientation>
				<itemlayout width="270" height="465">
					<control type="image">
						<posx>20</posx>
						<posy>20</posy>
						<width>256</width>
						<height>256</height>
						<texture background="true" fallback="defaultuser.png">$INFO[ListItem.Icon]</texture>
					</control>
					<control type="label">
						<posx>10</posx>
						<posy>270</posy>
						<width>270</width>
						<height>42</height>
						<font>font-22</font>
						<textcolor>grey_50</textcolor>
						<align>center</align>
						<aligny>center</aligny>
						<label>[B]$INFO[ListItem.Label][/B]</label>
					</control>
				</itemlayout>
				<focusedlayout width="270" height="465">
					<control type="group">
						<animation reversible="true" effect="zoom" start="100" end="160" center="auto" time="1000" tween="back" condition="true">Conditional</animation>
						<control type="image">
							<posx>20</posx>
							<posy>20</posy>
							<width>256</width>
							<height>256</height>
							<texture background="true" fallback="defaultuser.png">$INFO[ListItem.Icon]</texture>
						</control>
						<control type="label">
							<posx>10</posx>
							<posy>325</posy>
							<width>270</width>
							<height>42</height>
							<font>font-22</font>
							<textcolor>$VAR[main_color]</textcolor>
							<align>center</align>
							<aligny>center</aligny>
							<label>[B]$INFO[ListItem.label][/B]</label>
						</control>
					</control>

				</focusedlayout>
				<content>
					<item>
						<label>Hitcher</label>
						<icon>defaultuser.png</icon>
						<onclick>noop</onclick>
					</item>
					<item>
						<label>marcelveldt</label>
						<thumb>defaultuser.png</thumb>
						<onclick>noop</onclick>
					</item>
					<item>
						<label>BobCratchett</label>
						<icon>defaultuser.png</icon>
						<onclick>noop</onclick>
					</item>
					<item>
						<label>Elad Natan</label>
						<icon>defaultuser.png</icon>
						<onclick>noop</onclick>
					</item>
					<item>
						<label>Oren Hagay</label>
						<icon>defaultuser.png</icon>
						<onclick>noop</onclick>
					</item>
					<item>
						<label>Tom Rafalovitch</label>
						<icon>defaultuser.png</icon>
						<onclick>noop</onclick>
					</item>
					<item>
						<label>Moshiko Peer</label>
						<icon>defaultuser.png</icon>
						<onclick>noop</onclick>
					</item>
					<item>
						<label>Avi Abeksis</label>
						<icon>defaultuser.png</icon>
						<onclick>noop</onclick>
					</item>
					<item>
						<label>Yaron Malenboim</label>
						<icon>defaultuser.png</icon>
						<onclick>noop</onclick>
					</item>
					<item>
						<label>Orna Post</label>
						<icon>defaultuser.png</icon>
						<onclick>noop</onclick>
					</item>
					<item>
						<label>Other skins</label>
						<label2>Conq, Titan, Eminence, Bello, Silvo - for insparation, graphics and code blocks.</label2>
						<icon>defaultuser.png</icon>
						<onclick>noop</onclick>
					</item>
				</content>
			</control>
		</control>

		<include>top_bar_solid</include>
	</controls>

</window>

