<?xml version="1.0" encoding="UTF-8"?>
<window>
	<defaultcontrol always="true">2</defaultcontrol>
	<controls>
		<include>fade_screen_grey</include>
		<control type="group">
			<posx>360</posx>
			<posy>80</posy>
			<include>dialog_zoom_animation</include>
			<visible>!Window.IsVisible(addonsettings)</visible>
			<include name="big_dialog">
				<param name="info_posy" value="2000" />
				<param name="content_posy" value="80" />
				<param name="content_height" value="880" />
			</include>
			<control type="label">
				<description>Item Title value</description>
				<posx>0</posx>
				<posy>20</posy>
				<width>1200</width>
				<height>45</height>
				<align>center</align>
				<aligny>center</aligny>
				<font>font-30</font>
				<textcolor>white</textcolor>
				<label>$LOCALIZE[298]</label>
			</control>

			<control type="panel" id="11">
				<posx>30</posx>
				<posy>130</posy>
				<width>1160</width>
				<height>700</height>
				<onleft>11</onleft>
				<onright>61</onright>
				<ondown>2</ondown>
				<onup>11</onup>
				<scrolltime>200</scrolltime>
				<preloaditems>2</preloaditems>
				<viewtype label="536">icon</viewtype>
				<pagecontrol>61</pagecontrol>
				<orientation>vertical</orientation>
				<itemlayout width="380" height="230">
					<control type="image">
						<posx>10</posx>
						<posy>10</posy>
						<width>350</width>
						<height>200</height>
						<aspectratio>scale</aspectratio>
						<texture background="true">$INFO[ListItem.Icon]</texture>
						<bordertexture colordiffuse="grey_a">white.png</bordertexture>
						<bordersize>5</bordersize>
					</control>
					<control type="image">
						<posx>15</posx>
						<posy>170</posy>
						<width>340</width>
						<height>36</height>
						<texture background="true">main/widget_title.png</texture>
					</control>
					<control type="label">
						<posx>15</posx>
						<posy>170</posy>
						<width>340</width>
						<height>33</height>
						<font>font-18</font>
						<textcolor>white</textcolor>
						<selectedcolor>$VAR[main_color]</selectedcolor>
						<align>center</align>
						<aligny>center</aligny>
						<label>$INFO[ListItem.Label]$INFO[ListItem.Label2, (,)]</label>
					</control>
				</itemlayout>
				<focusedlayout width="380" height="230">
					<control type="image">
						<posx>10</posx>
						<posy>10</posy>
						<width>350</width>
						<height>200</height>
						<aspectratio>scale</aspectratio>
						<texture background="true">$INFO[ListItem.Icon]</texture>
						<bordertexture colordiffuse="$VAR[main_color]">white.png</bordertexture>
						<bordersize>5</bordersize>

					</control>
					<control type="image">
						<posx>15</posx>
						<posy>170</posy>
						<width>340</width>
						<height>36</height>
						<texture background="true">main/widget_title.png</texture>
					</control>	
					<control type="label">
						<posx>15</posx>
						<posy>170</posy>
						<width>340</width>
						<height>33</height>
						<font>font-18</font>
						<textcolor>$VAR[main_color]</textcolor>
						<selectedcolor>$VAR[main_color]</selectedcolor>
						<align>center</align>
						<aligny>center</aligny>
						<label>$INFO[ListItem.Label]$INFO[ListItem.Label2, (,)]</label>
					</control>
				</focusedlayout>
			</control>
			<control type="scrollbar" id="61">
				<posx>1162</posx>
				<posy>138</posy>
				<height>670</height>
				<width>10</width>
				<onleft>11</onleft>
				<include>scroll_bar</include>
				<orientation>vertical</orientation>
				<showonepage>false</showonepage>
				<visible>Control.IsVisible(11)</visible>
			</control>

			<control type="grouplist" id="9001">		
				<posx>0</posx>
				<posy>890</posy>
				<align>left</align>
				<width>700</width>
				<height>65</height>
				<itemgap>10</itemgap>
				<orientation>horizontal</orientation>
				<onup>11</onup>
				<ondown>11</ondown>
				<onright>9001</onright>
				<onleft>9001</onleft>
				<control type="button" id="2">
					<description>Create Bookmark button</description>
					<width>300</width>
					<label>294</label>
					<textoffsetx>5</textoffsetx>
					<focusedcolor>$VAR[main_color]</focusedcolor>
					<texturefocus>-</texturefocus>
					<texturenofocus>-</texturenofocus>
					<include>button_dialogs</include>
				</control>
				<control type="button" id="3">
					<description>Clear Bookmark button</description>
					<width>300</width>
					<label>296</label>
					<textoffsetx>5</textoffsetx>
					<focusedcolor>$VAR[main_color]</focusedcolor>
					<texturefocus>-</texturefocus>
					<texturenofocus>-</texturenofocus>
					<include>button_dialogs</include>
				</control>
				<control type="button" id="4">
					<description>Set Episode Thumb button</description>
					<width>300</width>
					<label>20406</label>
					<textoffsetx>5</textoffsetx>
					<focusedcolor>$VAR[main_color]</focusedcolor>
					<texturefocus>-</texturefocus>
					<texturenofocus>-</texturenofocus>
					<include>button_dialogs</include>	
					<visible>VideoPlayer.Content(Episodes)</visible>
				</control>
			</control>
			
		</control>
	</controls>
</window>
