<?xml version="1.0" encoding="UTF-8"?>
<includes>
	<include name="View-Thumbs-52">
		<include condition="StringCompare(System.Language,Hebrew) | Skin.HasSetting(Prefer_RTL)">Thumbs_View_rtl</include>
		<include condition="!StringCompare(System.Language,Hebrew) + !Skin.HasSetting(Prefer_RTL)">Thumbs_View_ltr</include>
	</include>
	<include name="Thumbs_View_rtl">
		<control type="group">
			<visible>Control.IsVisible(52)</visible>
			<visible>IntegerGreaterThan(Container.NumItems,-1) | !Container.IsUpdating</visible>
			<include>views_animation</include>
			<control type="multiimage">
				<description>Fanart</description>
				<posx>0</posx>
				<posy>0</posy>
				<width>1600</width>
				<height>900</height>
				<aspectratio scalediffuse="false">scale</aspectratio>
				<imagepath background="true" diffuse="views/fanart_diffuse.png">$VAR[fanart_bg]</imagepath>
				<timeperimage>5000</timeperimage>
				<randomize>true</randomize>
				<fadetime>650</fadetime>
				<animation effect="fade" start="100" end="70" time="300" condition="true">Conditional</animation>
				<visible>!Player.HasVideo</visible>
			</control>
			<control type="image">
				<posx>1420</posx>
				<posy>0</posy>
				<width>500</width>
				<height>1500</height>
				<aspectratio scalediffuse="false">scale</aspectratio>
				<texture background="true" flipx="false" diffuse="views/fanart_diffuse_ltr.png">black.png</texture>
				<visible>Player.HasVideo</visible>
			</control>
			<control type="FixedList" id="52">
				<posx>-140</posx>
				<posy>700</posy>
				<width>2140</width>
				<height>400</height>
				<onleft>52</onleft>
				<onright>52</onright>
				<onup>9100</onup>
				<ondown>60</ondown>
				<viewtype label="31202">list</viewtype>
				<visible>StringCompare(Window(Home).Property(SkinHelper.ForcedView),52) | IsEmpty(Window(Home).Property(SkinHelper.ForcedView))</visible>
				<pagecontrol>60</pagecontrol>
				<scrolltime tween="Quadratic" easing="out">300</scrolltime>
				<preloaditems>2</preloaditems>
				<orientation>Horizontal</orientation>
				<focusposition>1</focusposition>
				<animation effect="fade" start="0" end="100" time="1000">WindowOpen</animation>
				<animation effect="fade" start="100" end="0" delay="0" time="400">WindowClose</animation>
				<itemlayout width="400">
					<control type="image">
						<posx>0</posx>
						<width>390</width>
						<height>270</height>
						<aspectratio>stretch</aspectratio>
						<texture diffuse="posterdiffuse.png" background="true" colordiffuse="grey_50">white.png</texture>
					</control>
					<control type="image">
						<posx>5</posx>
						<posy>5</posy>
						<width>380</width>
						<height>260</height>
						<aspectratio>stretch</aspectratio>
						<texture diffuse="posterdiffuse.png" background="true">$VAR[PosterThumb]</texture>
						<visible>!StringCompare(Listitem.Label,..)</visible>
					</control>
					<control type="image">
						<posx>5</posx>
						<posy>5</posy>
						<width>380</width>
						<height>260</height>
						<aspectratio>stretch</aspectratio>
						<texture diffuse="posterdiffuse.png" colordiffuse="$VAR[main_color]" background="true">$VAR[PosterThumb]</texture>
						<visible>StringCompare(Listitem.Label,..)</visible>
					</control>
					<control type="image">
						<posx>5</posx>
						<posy>285</posy>
						<width>380</width>
						<height>260</height>
						<aspectratio>stretch</aspectratio>
						<texture diffuse="posterdiffuse.png" flipy="true" background="true">$VAR[PosterThumb]</texture>
						<animation effect="fade" end="15" time="0" condition="true">Conditional</animation>
					</control> 
					<!-- Title Tag on image -->
					<control type="group">
						<visible>!Skin.HasSetting(Hide_label_view_52)</visible>
						<control type="image">
							<posx>5</posx>
							<posy>215</posy>
							<width>380</width>
							<height>50</height>
							<texture diffuse="posterdiffuse.png" background="true">black.png</texture>
							<animation effect="fade" end="80" time="0" condition="true">Conditional</animation>
						</control>
						<control type="label">
							<posx>5</posx>
							<posy>217</posy>
							<width>380</width>
							<height>50</height>
							<align>center</align>	
							<font>font-22</font>
							<textcolor>grey</textcolor>
							<label>$INFO[ListItem.Label]</label>
						</control>
					</control>
					<control type="group">
						<posx>317</posx>
						<include>view_icons_watched_flags</include>
					</control>
				</itemlayout>
				<focusedlayout width="400" height="580">
					<control type="image">
						<posx>0</posx>
						<width>390</width>
						<height>270</height>
						<aspectratio>stretch</aspectratio>
						<texture diffuse="posterdiffuse.png" background="true" colordiffuse="grey_50">white.png</texture>
					</control>
					<control type="image">
						<posx>5</posx>
						<posy>5</posy>
						<width>380</width>
						<height>260</height>
						<aspectratio>stretch</aspectratio>
						<texture diffuse="posterdiffuse.png" background="true">$VAR[PosterThumb]</texture>
						<visible>!StringCompare(Listitem.Label,..)</visible>
					</control>
					<control type="image">
						<posx>5</posx>
						<posy>5</posy>
						<width>380</width>
						<height>260</height>
						<aspectratio>stretch</aspectratio>
						<texture diffuse="posterdiffuse.png" colordiffuse="$VAR[main_color]" background="true">$VAR[PosterThumb]</texture>
						<visible>StringCompare(Listitem.Label,..)</visible>
					</control>
					<control type="image">
						<posx>5</posx>
						<posy>285</posy>
						<width>380</width>
						<height>260</height>
						<aspectratio>stretch</aspectratio>
						<texture diffuse="posterdiffuse.png" flipy="true" background="true">$VAR[PosterThumb]</texture>
						<animation effect="fade" end="15" time="0" condition="true">Conditional</animation>
					</control> 
					<!-- Title Tag on image -->
					<control type="group">
						<visible>!Skin.HasSetting(Hide_label_view_52)</visible>
						<control type="image">
							<posx>5</posx>
							<posy>215</posy>
							<width>380</width>
							<height>50</height>
							<texture diffuse="posterdiffuse.png" background="true">black.png</texture>
							<animation effect="fade" end="80" time="0" condition="true">Conditional</animation>
						</control>
						<control type="label">
							<posx>5</posx>
							<posy>217</posy>
							<width>380</width>
							<height>50</height>
							<align>center</align>	
							<font>font-22</font>
							<textcolor>$VAR[main_color]</textcolor>
							<label>$INFO[ListItem.Label]</label>
						</control>
					</control>
					<control type="group">
						<posx>317</posx>
						<posy>-1</posy>
						<include>view_icons_watched_flags</include>
					</control>
				</focusedlayout>
			</control>
			<control type="image">
				<posx>260</posx>
				<posy>700</posy>
				<width>390</width>
				<height>270</height>
				<aspectratio>stretch</aspectratio>
				<texture diffuse="posterdiffuse.png" background="true" colordiffuse="$VAR[main_color]">views/poster_stroke.png</texture>
				<visible>!Container.IsUpdating + !IsEmpty(Control.GetLabel(52))</visible>
			</control>

			<!-- scroll -->
			<include name="horizontal_scroll">
				<param name="id" value="60" />
				<param name="listid" value="52" />
				<param name="posy">1090</param>
				<param name="height">10</param>
			</include>

			<control type="group">
				<posx>1520</posx>
				<control type="label">
					<posx>0</posx>
					<posy>100</posy>
					<width>400</width>
					<height>100</height>
					<font>font-30</font>
					<textcolor>$var[main_color]</textcolor>
					<align>center</align>
					<label>$VAR[movie_label]</label>
					<wrapmultiline>true</wrapmultiline>
					<animation effect="slide" end="0,100" time="0" condition="Container.Content(Artists) | Container.Content(Albums) | Container.Content(Songs)">Conditional</animation>
				</control> 

				<control type="image">
					<posx>0</posx>
					<posy>90</posy>
					<width>400</width>
					<height>120</height>	
					<texture background="true">$INFO[Skin.String(music_path)]$INFO[ListItem.Artist,,/logo.png]</texture>
					<visible>Container.Content(Artists) | Container.Content(Albums) | Container.Content(Songs)</visible>
				</control>

				<!-- Premiered -->
				<control type="label">
					<posx>5</posx>
					<posy>290</posy>
					<width>380</width>
					<height>30</height>
					<label>$INFO[ListItem.Premiered]</label>
					<font>font-22</font>
					<align>left</align>
					<textcolor>grey</textcolor>
					<visible>!ListItem.IsCollection</visible>
				</control>
				<!-- Year -->
				<control type="label">
					<posx>300</posx>
					<posy>290</posy>
					<width>120</width>
					<height>30</height>
					<label>$INFO[ListItem.Year]</label>
					<font>font-20</font>
					<align>left</align>
					<textcolor>grey_a</textcolor>
					<animation effect="slide" end="0,20" time="0" condition="Container.Content(Albums) | Container.Content(Songs)">Conditional</animation>
					<visible>!ListItem.IsCollection + !Container.Content(Episodes)</visible>
				</control>
				<!-- Duration -->
				<control type="label">
					<posx>380</posx>
					<posy>290</posy>
					<width>150</width>
					<height>30</height>
					<label>$INFO[Listitem.Duration,, $LOCALIZE[12391]]</label>
					<font>font-20</font>
					<align>right</align>
					<textcolor>grey_a</textcolor>
					<visible>Container.Content(Episodes) + !IsEmpty(ListItem.Duration) + IntegerGreaterThan(ListItem.Duration,0)</visible>
				</control>
				<!-- Episode Number -->
				<control type="label">
					<posx>380</posx>
					<posy>255</posy>
					<width>380</width>
					<height>30</height>
					<label>[B]$INFO[ListItem.Season,$LOCALIZE[20373] ] $INFO[ListItem.Episode,$LOCALIZE[20359] ][/B]</label>
					<font>font-22</font>
					<align>right</align>
					<textcolor>grey</textcolor>
					<visible>Container.Content(Episodes)</visible>
				</control>
				<!-- Resolution -->
				<control type="label">
					<posx>390</posx>
					<posy>220</posy>
					<width>160</width>
					<height>30</height>
					<label>$INFO[Listitem.VideoResolution] $VAR[hd_or_sd] </label>
					<font>font-20</font>
					<align>right</align>
					<textcolor>grey_b</textcolor>
					<visible>!IsEmpty(ListItem.VideoResolution) + IntegerGreaterThan(ListItem.VideoResolution,0)</visible>
				</control>
				<!-- Star Rating -->
				<control type="group">
					<posx>15</posx>
					<posy>220</posy>
					<visible>!IsEmpty(ListItem.StarRating) + !ListItem.IsCollection + !IsEmpty(ListItem.Rating) + !Container.Content(Seasons) + !Container.Content(Artists)</visible>
					<animation effect="slide" end="90" time="0" condition="IsEmpty(ListItem.Year) + !Container.Content(Albums)">Conditional</animation>
					<animation effect="slide" end="0,90" time="0" condition="Container.Content(Albums) | Container.Content(Songs)">Conditional</animation>
					<control type="image">
						<description>Rating image</description>
						<posx>0</posx>
						<posy>0</posy>
						<width>188</width>
						<height>38</height>
						<texture background="true">rating0.png</texture>
						<aspectratio align="right">keep</aspectratio>
					</control>
					<control type="image">
						<description>Rating image</description>
						<posx>0</posx>
						<posy>0</posy>
						<width>188</width>
						<height>38</height>
						<texture background="true" colordiffuse="$VAR[main_color]">$INFO[ListItem.StarRating]</texture>
						<aspectratio align="right">keep</aspectratio>
						<visible>!StringCompare(ListItem.StarRating,rating0.png)</visible>
					</control>
					<!-- Rating -->
					<control type="label">
						<posx>198</posx>
						<posy>0</posy>
						<width>380</width>
						<height>30</height>
						<label>$INFO[ListItem.Rating]</label>
						<font>font-20</font>
						<align>left</align>
						<textcolor>grey_a</textcolor>
					</control>
				</control>

				<control type="textbox">
					<description>Plot Value for TVShows\Movies</description>
					<posx>5</posx>
					<posy>330</posy>
					<width>380</width>
					<height>320</height>
					<font>font-20</font>
					<align>right</align>
					<textcolor>grey_a</textcolor>
					<label>$VAR[ViewFanartText]</label>
					<autoscroll time="2000" delay="8000" repeat="5000">!Skin.HasSetting(AutoScroll)</autoscroll>
					<animation effect="slide" end="0,-100" time="0" condition="Window.IsActive(mypics.xml)">Conditional</animation>
					<animation effect="slide" end="0,20" time="0" condition="Container.Content(Albums) | Container.Content(Songs)">Conditional</animation>
				</control> 
			</control>

		</control>
	</include>
	<include name="Thumbs_View_ltr">
		<control type="group">
			<visible>Control.IsVisible(52)</visible>
			<visible>IntegerGreaterThan(Container.NumItems,-1) | !Container.IsUpdating</visible>
			<include>views_animation</include>
			<control type="multiimage">
				<description>Fanart</description>
				<posx>340</posx>
				<posy>0</posy>
				<width>1580</width>
				<height>900</height>
				<aspectratio scalediffuse="false">scale</aspectratio>
				<imagepath background="true" diffuse="views/fanart_diffuse_ltr.png">$VAR[fanart_bg]</imagepath>
				<timeperimage>5000</timeperimage>
				<randomize>true</randomize>
				<fadetime>650</fadetime>
				<animation effect="fade" start="100" end="70" time="300" condition="true">Conditional</animation>
				<visible>!Player.HasVideo</visible>
			</control>
			<control type="image">
				<posx>0</posx>
				<posy>0</posy>
				<width>500</width>
				<height>1500</height>
				<aspectratio scalediffuse="false">scale</aspectratio>
				<texture background="true" flipx="true" diffuse="views/fanart_diffuse_ltr.png">black.png</texture>
				<visible>Player.HasVideo</visible>
			</control>
			<control type="FixedList" id="52">
				<posx>15</posx>
				<posy>700</posy>
				<width>1920</width>
				<height>400</height>
				<onleft>52</onleft>
				<onright>52</onright>
				<onup>9100</onup>
				<ondown>60</ondown>
				<viewtype label="31202">list</viewtype>
				<visible>StringCompare(Window(Home).Property(SkinHelper.ForcedView),52) | IsEmpty(Window(Home).Property(SkinHelper.ForcedView))</visible>
				<pagecontrol>60</pagecontrol>
				<scrolltime tween="Quadratic" easing="out">300</scrolltime>
				<preloaditems>2</preloaditems>
				<orientation>Horizontal</orientation>
				<focusposition>0</focusposition>
				<animation effect="fade" start="0" end="100" time="1000">WindowOpen</animation>
				<animation effect="fade" start="100" end="0" delay="0" time="400">WindowClose</animation>
				<itemlayout width="400">
					<control type="image">
						<posx>0</posx>
						<width>390</width>
						<height>270</height>
						<aspectratio>stretch</aspectratio>
						<texture diffuse="posterdiffuse.png" background="true" colordiffuse="grey_50">white.png</texture>
					</control>
					<control type="image">
						<posx>5</posx>
						<posy>5</posy>
						<width>380</width>
						<height>260</height>
						<aspectratio>stretch</aspectratio>
						<texture diffuse="posterdiffuse.png" background="true">$VAR[PosterThumb]</texture>
						<visible>!StringCompare(Listitem.Label,..)</visible>
					</control>
					<control type="image">
						<posx>5</posx>
						<posy>5</posy>
						<width>380</width>
						<height>260</height>
						<aspectratio>stretch</aspectratio>
						<texture diffuse="posterdiffuse.png" colordiffuse="$VAR[main_color]" background="true">$VAR[PosterThumb]</texture>
						<visible>StringCompare(Listitem.Label,..)</visible>
					</control>
					<control type="image">
						<posx>5</posx>
						<posy>285</posy>
						<width>380</width>
						<height>260</height>
						<aspectratio>stretch</aspectratio>
						<texture diffuse="posterdiffuse.png" flipy="true" background="true">$VAR[PosterThumb]</texture>
						<animation effect="fade" end="15" time="0" condition="true">Conditional</animation>
					</control> 
					<!-- Title Tag on image -->
					<control type="group">
						<visible>!Skin.HasSetting(Hide_label_view_52)</visible>
						<control type="image">
							<posx>5</posx>
							<posy>215</posy>
							<width>380</width>
							<height>50</height>
							<texture diffuse="posterdiffuse.png" background="true">black.png</texture>
							<animation effect="fade" end="80" time="0" condition="true">Conditional</animation>
						</control>
						<control type="label">
							<posx>5</posx>
							<posy>217</posy>
							<width>380</width>
							<height>50</height>
							<align>center</align>	
							<font>font-22</font>
							<textcolor>grey</textcolor>
							<label>$INFO[ListItem.Label]</label>
						</control>
					</control>
					<control type="group">
						<posx>317</posx>
						<include>view_icons_watched_flags</include>
					</control>
				</itemlayout>
				<focusedlayout width="400" height="580">
					<control type="image">
						<posx>0</posx>
						<width>390</width>
						<height>270</height>
						<aspectratio>stretch</aspectratio>
						<texture diffuse="posterdiffuse.png" background="true" colordiffuse="grey_50">white.png</texture>
					</control>
					<control type="image">
						<posx>5</posx>
						<posy>5</posy>
						<width>380</width>
						<height>260</height>
						<aspectratio>stretch</aspectratio>
						<texture diffuse="posterdiffuse.png" background="true">$VAR[PosterThumb]</texture>
						<visible>!StringCompare(Listitem.Label,..)</visible>
					</control>
					<control type="image">
						<posx>5</posx>
						<posy>5</posy>
						<width>380</width>
						<height>260</height>
						<aspectratio>stretch</aspectratio>
						<texture diffuse="posterdiffuse.png" colordiffuse="$VAR[main_color]" background="true">$VAR[PosterThumb]</texture>
						<visible>StringCompare(Listitem.Label,..)</visible>
					</control>
					<control type="image">
						<posx>5</posx>
						<posy>285</posy>
						<width>380</width>
						<height>260</height>
						<aspectratio>stretch</aspectratio>
						<texture diffuse="posterdiffuse.png" flipy="true" background="true">$VAR[PosterThumb]</texture>
						<animation effect="fade" end="15" time="0" condition="true">Conditional</animation>
					</control> 
					<!-- Title Tag on image -->
					<control type="group">
						<visible>!Skin.HasSetting(Hide_label_view_52)</visible>
						<control type="image">
							<posx>5</posx>
							<posy>215</posy>
							<width>380</width>
							<height>50</height>
							<texture diffuse="posterdiffuse.png" background="true">black.png</texture>
							<animation effect="fade" end="80" time="0" condition="true">Conditional</animation>
						</control>
						<control type="label">
							<posx>5</posx>
							<posy>217</posy>
							<width>380</width>
							<height>50</height>
							<align>center</align>	
							<font>font-22</font>
							<textcolor>$VAR[main_color]</textcolor>
							<label>$INFO[ListItem.Label]</label>
						</control>
					</control>
					<control type="group">
						<posx>312</posx>
						<posy>-1</posy>
						<include>view_icons_watched_flags</include>
					</control>
				</focusedlayout>
			</control>
			<control type="image">
				<posx>15</posx>
				<posy>700</posy>
				<width>390</width>
				<height>270</height>
				<aspectratio>stretch</aspectratio>
				<texture diffuse="posterdiffuse.png" background="true" colordiffuse="$VAR[main_color]">views/poster_stroke.png</texture>
				<visible>!Container.IsUpdating + !IsEmpty(Control.GetLabel(52))</visible>
			</control>

			<!-- scroll -->
			<include name="horizontal_scroll">
				<param name="id" value="60" />
				<param name="listid" value="52" />
				<param name="posy">1090</param>
				<param name="height">10</param>
			</include>

			<control type="group">
				<posx>15</posx>
				<control type="label">
					<posx>0</posx>
					<posy>100</posy>
					<width>400</width>
					<height>100</height>
					<font>font-30</font>
					<textcolor>$var[main_color]</textcolor>
					<align>center</align>
					<label>$VAR[movie_label]</label>
					<wrapmultiline>true</wrapmultiline>
					<animation effect="slide" end="0,100" time="0" condition="Container.Content(Artists) | Container.Content(Albums) | Container.Content(Songs)">Conditional</animation>					
				</control> 

				<control type="image">
					<posx>0</posx>
					<posy>90</posy>
					<width>400</width>
					<height>120</height>	
					<texture background="true">$INFO[Skin.String(music_path)]$INFO[ListItem.Artist,,/logo.png]</texture>
					<visible>Container.Content(Artists) | Container.Content(Albums) | Container.Content(Songs)</visible>
				</control>

				<!-- Premiered -->
				<control type="label">
					<posx>5</posx>
					<posy>290</posy>
					<width>380</width>
					<height>30</height>
					<label>$INFO[ListItem.Premiered]</label>
					<font>font-22</font>
					<align>left</align>
					<textcolor>grey</textcolor>
					<visible>!ListItem.IsCollection</visible>
				</control>
				<!-- Year -->
				<control type="label">
					<posx>300</posx>
					<posy>290</posy>
					<width>120</width>
					<height>30</height>
					<label>$INFO[ListItem.Year]</label>
					<font>font-20</font>
					<align>left</align>
					<textcolor>grey_a</textcolor>
					<animation effect="slide" end="0,20" time="0" condition="Container.Content(Albums) | Container.Content(Songs)">Conditional</animation>
					<visible>!ListItem.IsCollection + !Container.Content(Episodes)</visible>
				</control>
				<!-- Duration -->
				<control type="label">
					<posx>380</posx>
					<posy>290</posy>
					<width>150</width>
					<height>30</height>
					<label>$INFO[Listitem.Duration,, $LOCALIZE[12391]]</label>
					<font>font-20</font>
					<align>right</align>
					<textcolor>grey_a</textcolor>
					<visible>Container.Content(Episodes) + !IsEmpty(ListItem.Duration) + IntegerGreaterThan(ListItem.Duration,0)</visible>
				</control>
				<!-- Episode Number -->
				<control type="label">
					<posx>0</posx>
					<posy>255</posy>
					<width>380</width>
					<height>30</height>
					<label>[B]$INFO[ListItem.Season,$LOCALIZE[20373] ] $INFO[ListItem.Episode,$LOCALIZE[20359] ][/B]</label>
					<font>font-22</font>
					<align>left</align>
					<textcolor>grey</textcolor>
					<visible>Container.Content(Episodes)</visible>
				</control>
				<!-- Resolution -->
				<control type="label">
					<posx>390</posx>
					<posy>220</posy>
					<width>160</width>
					<height>30</height>
					<label>$INFO[Listitem.VideoResolution] $VAR[hd_or_sd] </label>
					<font>font-20</font>
					<align>right</align>
					<textcolor>grey_b</textcolor>
					<visible>!IsEmpty(ListItem.VideoResolution) + IntegerGreaterThan(ListItem.VideoResolution,0)</visible>
				</control>
				<!-- Star Rating -->
				<control type="group">
					<posx>15</posx>
					<posy>220</posy>
					<visible>!IsEmpty(ListItem.StarRating) + !ListItem.IsCollection + !IsEmpty(ListItem.Rating) + !Container.Content(Seasons) + !Container.Content(Artists)</visible>
					<animation effect="slide" end="90" time="0" condition="IsEmpty(ListItem.Year) + !Container.Content(Albums)">Conditional</animation>
					<animation effect="slide" end="0,90" time="0" condition="Container.Content(Albums) | Container.Content(Songs)">Conditional</animation>
					<control type="image">
						<description>Rating image</description>
						<posx>0</posx>
						<posy>0</posy>
						<width>188</width>
						<height>38</height>
						<texture background="true">rating0.png</texture>
						<aspectratio align="right">keep</aspectratio>
					</control>
					<control type="image">
						<description>Rating image</description>
						<posx>0</posx>
						<posy>0</posy>
						<width>188</width>
						<height>38</height>
						<texture background="true" colordiffuse="$VAR[main_color]">$INFO[ListItem.StarRating]</texture>
						<aspectratio align="right">keep</aspectratio>
						<visible>!StringCompare(ListItem.StarRating,rating0.png)</visible>
					</control>
					<!-- Rating -->
					<control type="label">
						<posx>198</posx>
						<posy>0</posy>
						<width>380</width>
						<height>30</height>
						<label>$INFO[ListItem.Rating]</label>
						<font>font-20</font>
						<align>left</align>
						<textcolor>grey_a</textcolor>
					</control>
				</control>

				<control type="textbox">
					<description>Plot Value for TVShows\Movies</description>
					<posx>5</posx>
					<posy>330</posy>
					<width>380</width>
					<height>320</height>
					<font>font-20</font>
					<align>left</align>
					<textcolor>grey_a</textcolor>
					<label>$VAR[ViewFanartText]</label>
					<autoscroll time="2000" delay="8000" repeat="5000">!Skin.HasSetting(AutoScroll)</autoscroll>
					<animation effect="slide" end="0,20" time="0" condition="Container.Content(Albums) | Container.Content(Songs)">Conditional</animation>
					<animation effect="slide" end="0,-100" time="0" condition="Window.IsActive(mypics.xml)">Conditional</animation>
				</control> 
			</control>

		</control>
	</include>

</includes>
