<?xml version="1.0" encoding="UTF-8"?>
<includes>
	<include name="Fanart-Videos">
		<include condition="StringCompare(System.Language,Hebrew) | Skin.HasSetting(Prefer_RTL)">fanart_view_rtl</include>
		<include condition="!StringCompare(System.Language,Hebrew) + !Skin.HasSetting(Prefer_RTL)">fanart_view_ltr</include>
	</include>
	<include name="fanart_view_rtl">
		<control type="group">
			<visible>Control.IsVisible(50)</visible>
			<visible>IntegerGreaterThan(Container.NumItems,-1) | !Container.IsUpdating</visible>
			<include>views_animation</include>
			<control type="group">
				<control type="multiimage">
					<posx>0</posx>
					<posy>0</posy>
					<width>1920</width>
					<height>1080</height>
					<imagepath background="true">$VAR[fanart_bg]</imagepath>
					<timeperimage>5000</timeperimage>
					<aspectratio>scale</aspectratio>
					<randomize>true</randomize>
					<fadetime>650</fadetime>
					<visible>!Player.HasVideo + Skin.HasSetting(fanart_trans)</visible>
				</control>
				<control type="multiimage">
					<posx>0</posx>
					<posy>0</posy>
					<width>1388</width>
					<height>860</height>
					<imagepath background="true">$VAR[fanart_bg]</imagepath>
					<aspectratio>scale</aspectratio>
					<timeperimage>5000</timeperimage>
					<randomize>true</randomize>
					<fadetime>650</fadetime>
					<visible>!Player.HasVideo + !Skin.HasSetting(fanart_trans)</visible>
				</control>

				<control type="image">
					<posx>1388</posx>
					<posy>0</posy>
					<width>532</width>
					<height>1080</height>
					<texture background="true">main/main_menu.png</texture>
					<include>fanart_fade_level</include>
				</control>
				<include name="left_shadow">
					<param name="posx" value="1368" />
					<param name="posy" value="0" />
					<param name="width" value="20" />
					<param name="height" value="1080" />
				</include>
				<control type="image">
					<posx>0</posx>
					<posy>860</posy>
					<width>1388</width>
					<height>220</height>
					<texture background="true">main/main_menu.png</texture>
					<bordertexture colordiffuse="grey_a">white.png</bordertexture>
					<bordersize>0,1,0,0</bordersize>
					<include>fanart_fade_level</include>
					<animation effect="slide" end="0,400" time="200" condition="Skin.HasSetting(fanart_plot) + !Window.IsActive(DialogVideoInfo.xml)">Conditional</animation>
				</control>
			</control>

			<control type="image">
				<posx>1162</posx>
				<posy>870</posy>
				<width>200</width>
				<height>200</height>
				<texture colordiffuse="$VAR[main_color]" background="true">DefaultFolderBack2.png</texture>
				<visible>stringcompare(ListItem.Label,..)</visible>
			</control>

			<control type="list" id="50">
				<posx>1388</posx>
				<posy>0</posy>
				<height>1052</height>
				<width>532</width>
				<onleft>9006</onleft>
				<onright>60</onright>
				<onup>50</onup>
				<ondown>50</ondown>
				<viewtype label="31200">list</viewtype>
				<visible>StringCompare(Window(Home).Property(SkinHelper.ForcedView),50) | IsEmpty(Window(Home).Property(SkinHelper.ForcedView))</visible>
				<pagecontrol>60</pagecontrol>
				<scrolltime tween="circle" easing="inout">400</scrolltime>
				<preloaditems>2</preloaditems>
				<animation effect="fade" start="0" end="100" time="1000">WindowOpen</animation>
				<animation effect="fade" start="100" end="0" delay="0" time="400">WindowClose</animation>
				<itemlayout width="532" height="78" condition="!Window.IsActive(MyPVRChannels.xml)">

					<!-- unfocused movie  -->
					<include>movie_title_short_nf</include>
					<include>movie_title_long_nf</include>
					<!-- the year below the movie -->
				<!-- 	<control type="label">
						<posx>450</posx>
						<posy>45</posy>
						<width>80</width>
						<height>30</height>
						<align>left</align>
						<aligny>center</aligny>
						<font>font-15</font>
						<textcolor>grey_a</textcolor>
						<selectedcolor>grey_a</selectedcolor>
						<label>$INFO[ListItem.Year]</label>
						<visible>Container.Content(Movies) | Container.Content(Albums)</visible>
						<visible>stringcompare(ListItem.Label,..) | !ListItem.IsFolder | Window.IsVisible(VideoPlaylist) | !SubString(ListItem.Path,videodb://movies/sets,left)</visible>
					</control> -->
					<!-- Genre below the movie -->
				<!-- 	<control type="label">
						<posx>25</posx>
						<posy>44</posy>
						<width>405</width>
						<height>30</height>
						<font>font-16</font>
						<textcolor>grey_a</textcolor>
						<selectedcolor>grey_a</selectedcolor>
						<align>right</align>
						<aligny>center</aligny>
						<label>$INFO[ListItem.Genre]</label>
						<visible>Container.Content(Movies)</visible>
					</control> -->

					<!-- info about seasons and episodes -->
				<!-- 	<control type="label">
						<posx>25</posx>
						<posy>44</posy>
						<width>470</width>
						<height>30</height>
						<font>font-16</font>
						<textcolor>grey_a</textcolor>
						<align>right</align>
						<aligny>center</aligny>
						<label>$INFO[ListItem.Property(TotalSeasons)] $LOCALIZE[33054], $INFO[ListItem.Property(TotalEpisodes)] $LOCALIZE[20360]</label>
						<visible>Container.Content(TVShows) + !IsEmpty(ListItem.Property(TotalSeasons))</visible>
					</control> -->

					<!-- Sub Label -->
					<control type="textbox">
						<posx>30</posx>
						<posy>44</posy>
						<width>472</width>
						<height>30</height>
						<font>font-16</font>
						<textcolor>grey_a</textcolor>
						<selectedcolor>grey_a</selectedcolor>
						<include>align_tag</include>
						<aligny>center</aligny>
						<label>$VAR[fanart_sublabel]</label>
						<visible>!ListItem.IsCollection</visible>
					</control>
					
					<!-- movie set icon -->
					<control type="image">
						<posx>450</posx>
						<posy>34</posy>
						<width>48</width>
						<height>48</height>
						<texture colordiffuse="grey_b">movieset.png</texture>
						<visible>ListItem.IsCollection</visible>
					</control>

					<!-- itemlayout Watched Status -->
					<control type="image">
						<posx>0</posx>
						<posy>0</posy>
						<width>60</width>
						<height>60</height>
						<texture flipx="false">wflag.png</texture>
						<visible>!stringcompare(ListItem.Label,..) + [StringCompare(ListItem.Overlay,overlaywatched.png) | IntegerGreaterThan(ListItem.PercentPlayed,0) | [[Container.Content(TVShows) | Container.Content(Seasons)] + !IsEmpty(ListItem.Property(UnWatchedEpisodes))]] </visible>
					</control>
					<control type="image">
						<posx>4</posx>
						<posy>7</posy>
						<width>28</width>
						<height>28</height>
						<texture colordiffuse="grey">eye.png</texture>
						<visible>StringCompare(ListItem.Overlay,overlaywatched.png)</visible>
					</control>
					<control type="label">
						<posx>-2</posx>
						<posy>12</posy>
						<width>50</width>
						<height>20</height>
						<font>font-12</font>
						<textcolor>grey</textcolor>
						<angle>45</angle>
						<align>center</align>
						<aligny>center</aligny>
						<label>$INFO[ListItem.PercentPlayed]%</label>
						<visible>!StringCompare(ListItem.Overlay,overlaywatched.png) + IntegerGreaterThan(ListItem.PercentPlayed,0) + !IntegerGreaterThan(ListItem.PercentPlayed,99)</visible>
					</control>
					<control type="label">
						<posx>-32</posx>
						<posy>12</posy>
						<width>100</width>
						<height>20</height>
						<font>font-12</font>
						<textcolor>grey</textcolor>
						<angle>45</angle>
						<align>center</align>
						<aligny>center</aligny>
						<label>$INFO[ListItem.Property(UnWatchedEpisodes)]</label>
						<visible>!StringCompare(ListItem.Overlay,overlaywatched.png) + [Container.Content(TVShows) | Container.Content(Seasons)]</visible>
					</control>

					<!-- the episode of number in tvshows -->
					<include>episode_num_nf</include>

					<control type="image">
						<posx>0</posx>
						<posy>0</posy>
						<width>532</width>
						<height>1</height>
						<texture colordiffuse="grey_a">white.png</texture>
						<visible>!Skin.HasSetting(fanart_seps)</visible>
					</control>
					<control type="image">
						<posx>0</posx>
						<posy>78</posy>
						<width>532</width>
						<height>1</height>
						<texture colordiffuse="grey_a">white.png</texture>
						<visible>!Skin.HasSetting(fanart_seps)</visible>
					</control>
				</itemlayout>
				<focusedlayout width="532" height="78" condition="!Window.IsActive(MyPVRChannels.xml)">

					<control type="image">
						<posx>0</posx>
						<posy>0</posy>
						<width>532</width>
						<height>78</height>
						<texture background="true">main/main_focus.png</texture>
						<visible>Skin.HasSetting(bold_list)</visible>
					</control>
					<control type="image">
						<posx>0</posx>
						<posy>0</posy>
						<width>532</width>
						<height>78</height>
						<texture colordiffuse="$VAR[list_bg_color]">white.png</texture>
						<animation effect="fade" end="25" time="0" condition="true">Conditional</animation>
						<visible>!Skin.HasSetting(bold_list)</visible>
					</control>
					<control type="image">
						<posx>0</posx>
						<posy>0</posy>
						<width>532</width>
						<height>1</height>
						<texture colordiffuse="grey_a">white.png</texture>
					</control>
					<control type="image">
						<posx>0</posx>
						<posy>78</posy>
						<width>532</width>
						<height>1</height>
						<texture colordiffuse="grey_a">white.png</texture>
					</control>


					<!-- focused movie -->
					<include>movie_title_short</include>
					<include>movie_title_long</include>


					<!-- year below the movie -->
					<!-- <control type="label">
						<posx>450</posx>
						<posy>45</posy>
						<width>80</width>
						<height>30</height>
						<align>left</align>
						<aligny>center</aligny>
						<font>font-15</font>
						<textcolor>$VAR[list_color]</textcolor>
						<selectedcolor>$VAR[list_color]</selectedcolor>
						<label>$INFO[ListItem.Year]</label>
						<visible>Container.Content(Movies) | Container.Content(Albums)</visible>
						<visible>stringcompare(ListItem.Label,..) | !ListItem.IsFolder | Window.IsVisible(VideoPlaylist) | !SubString(ListItem.Path,videodb://movies/sets,left)</visible>
					</control> -->
					<!-- Genre below the movie -->
					<!-- <control type="label">
						<posx>25</posx>
						<posy>44</posy>
						<width>405</width>
						<height>30</height>
						<font>font-16</font>
						<textcolor>$VAR[list_color]</textcolor>
						<selectedcolor>$VAR[list_color]</selectedcolor>
						<align>right</align>
						<aligny>center</aligny>
						<label>$INFO[ListItem.Genre]</label>
						<visible>Container.Content(Movies)</visible>
					</control> -->

					<control type="textbox">
						<posx>30</posx>
						<posy>44</posy>
						<width>472</width>
						<height>30</height>
						<font>font-16</font>
						<textcolor>$VAR[list_color]</textcolor>
						<selectedcolor>$VAR[list_color]</selectedcolor>
						<include>align_tag</include>
						<aligny>center</aligny>
						<label>$VAR[fanart_sublabel]</label>
						<visible>!ListItem.IsCollection</visible>
					</control>
					<!-- movie set icon for sets -->
					<control type="image">
						<posx>450</posx>
						<posy>34</posy>
						<width>48</width>
						<height>48</height>
						<texture background="true">movieset.png</texture>
						<visible>ListItem.IsCollection</visible>
					</control>
					<!-- the number of the episode in tvshows -->
					<include>episode_num_f</include>

					<!-- info about seasons and episodes -->
				<!-- 	<control type="label">
						<posx>25</posx>
						<posy>44</posy>
						<width>470</width>
						<height>30</height>
						<font>font-16</font>
						<textcolor>$VAR[list_color]</textcolor>
						<selectedcolor>$VAR[list_color]</selectedcolor>
						<align>right</align>
						<aligny>center</aligny>
						<label>$INFO[ListItem.Property(TotalSeasons)] $LOCALIZE[33054], $INFO[ListItem.Property(TotalEpisodes)] $LOCALIZE[20360]</label>
						<visible>Container.Content(TVShows) + !IsEmpty(ListItem.Property(TotalSeasons))</visible>
					</control> -->

					<!-- focuslayout Watched Status -->
					<control type="image">
						<posx>0</posx>
						<posy>0</posy>
						<width>60</width>
						<height>60</height>
						<texture flipx="false">wflag.png</texture>
						<visible>!stringcompare(ListItem.Label,..) + [StringCompare(ListItem.Overlay,overlaywatched.png) | IntegerGreaterThan(ListItem.PercentPlayed,0) | [[Container.Content(TVShows) | Container.Content(Seasons)] + !IsEmpty(ListItem.Property(UnWatchedEpisodes))]] </visible>
					</control>
					<control type="image">
						<posx>4</posx>
						<posy>7</posy>
						<width>28</width>
						<height>28</height>
						<texture colordiffuse="grey_b">eye.png</texture>
						<visible>StringCompare(ListItem.Overlay,overlaywatched.png)</visible>
					</control>
					<control type="label">
						<posx>-2</posx>
						<posy>12</posy>
						<width>50</width>
						<height>20</height>
						<font>font-12</font>
						<textcolor>grey_b</textcolor>
						<angle>45</angle>
						<align>center</align>
						<aligny>center</aligny>
						<label>$INFO[ListItem.PercentPlayed]%</label>
						<visible>!StringCompare(ListItem.Overlay,overlaywatched.png) + IntegerGreaterThan(ListItem.PercentPlayed,0) + !IntegerGreaterThan(ListItem.PercentPlayed,99)</visible>
					</control>
					<control type="label">
						<posx>-32</posx>
						<posy>12</posy>
						<width>100</width>
						<height>20</height>
						<font>font-12</font>
						<textcolor>grey_b</textcolor>
						<angle>45</angle>
						<align>center</align>
						<aligny>center</aligny>
						<label>$INFO[ListItem.Property(UnWatchedEpisodes)]</label>
						<visible>!StringCompare(ListItem.Overlay,overlaywatched.png) + [Container.Content(TVShows) | Container.Content(Seasons)]</visible>
					</control>
				</focusedlayout>

				<itemlayout width="532" height="97" condition="Window.IsActive(MyPVRChannels.xml)">
					<control type="progress">
						<description>Progressbar</description>
						<posx>0</posx>
						<posy>72</posy>
						<width>532</width>
						<height>22</height>
						<info>ListItem.Progress</info>
					</control>
					<include>channel_num_nf</include>
					<control type="label">
						<animation effect="slide" end="-30,0" time="0" condition="IntegerGreaterThan(ListItem.ChannelNumberLabel,99)">Conditional</animation>
						<posx>38</posx>
						<posy>3</posy>
						<width>405</width>
						<height>40</height>
						<font>font-24</font>
						<textcolor>grey_b</textcolor>
						<selectedcolor>grey_b</selectedcolor>
						<align>right</align>
						<aligny>top</aligny>
						<label>$INFO[ListItem.Label]</label>
					</control>
					<control type="label">
						<animation effect="slide" end="-30,0" time="0" condition="IntegerGreaterThan(ListItem.ChannelNumberLabel,99)">Conditional</animation>
						<posx>38</posx>
						<posy>38</posy>
						<width>405</width>
						<height>40</height>
						<font>font-24</font>
						<textcolor>grey_a</textcolor>
						<selectedcolor>grey_a</selectedcolor>
						<align>right</align>
						<aligny>top</aligny>
						<label>$INFO[ListItem.Title]</label>
					</control>
					<control type="image">
						<posx>0</posx>
						<posy>0</posy>
						<width>532</width>
						<height>1</height>
						<texture colordiffuse="grey_a">white.png</texture>
					</control>
					<control type="image">
						<posx>0</posx>
						<posy>97</posy>
						<width>532</width>
						<height>1</height>
						<texture colordiffuse="grey_a">white.png</texture>
					</control>
				</itemlayout>
				<focusedlayout width="532" height="97" condition="Window.IsActive(MyPVRChannels.xml)">
					<control type="image">
						<posx>0</posx>
						<posy>0</posy>
						<width>532</width>
						<height>97</height>
						<texture background="true">main/main_focus.png</texture>
						<visible>Skin.HasSetting(bold_list)</visible>
					</control>
					<control type="image">
						<posx>0</posx>
						<posy>0</posy>
						<width>532</width>
						<height>97</height>
						<texture colordiffuse="$VAR[list_bg_color]">white.png</texture>
						<animation effect="fade" end="25" time="0" condition="true">Conditional</animation>
						<visible>!Skin.HasSetting(bold_list)</visible>
					</control>
					<control type="image">
						<posx>0</posx>
						<posy>0</posy>
						<width>532</width>
						<height>1</height>
						<texture colordiffuse="grey_a">white.png</texture>
					</control>
					<control type="image">
						<posx>0</posx>
						<posy>97</posy>
						<width>532</width>
						<height>1</height>
						<texture colordiffuse="grey_a">white.png</texture>
					</control>
					<control type="progress">
						<description>Progressbar</description>
						<posx>0</posx>
						<posy>72</posy>
						<width>532</width>
						<height>22</height>
						<info>ListItem.Progress</info>
					</control>

					<include>channel_num_f</include>
					<control type="label">
						<animation effect="slide" end="-30,0" time="0" condition="IntegerGreaterThan(ListItem.ChannelNumberLabel,99)">Conditional</animation>
						<posx>38</posx>
						<posy>3</posy>
						<width>405</width>
						<height>40</height>
						<font>font-24</font>
						<textcolor>$VAR[list_color]</textcolor>
						<selectedcolor>$VAR[list_color]</selectedcolor>
						<align>right</align>
						<aligny>top</aligny>
						<label>$INFO[ListItem.Label]</label>
					</control>
					<control type="label">
						<animation effect="slide" end="-30,0" time="0" condition="IntegerGreaterThan(ListItem.ChannelNumberLabel,99)">Conditional</animation>
						<posx>38</posx>
						<posy>38</posy>
						<width>405</width>
						<height>40</height>
						<font>font-24</font>
						<textcolor>$VAR[list_color]</textcolor>
						<selectedcolor>$VAR[list_color]</selectedcolor>
						<align>right</align>
						<aligny>top</aligny>
						<label>$INFO[ListItem.Title]</label>
					</control>

				</focusedlayout>
			</control>


			<!-- scroll -->
			<include name="vertical_scroll">
				<param name="id" value="60" />
				<param name="listid" value="50" />
				<param name="posy">0</param>
				<param name="height">1080</param>
			</include>
			<!-- Flags -->
			<include name="flags_movies"><param name="posy">806</param></include>
			<!--CDART movies -->
			<control type="group">
				<left>2300</left>
				<top>800</top>
				<width>240</width>
				<height>240</height>
				<include>FanartRollingMovieSetDiscs</include>
			</control>
			<include>cdart_image</include>
			<!-- <include>cdart_sets</include> -->
			<!-- /CDART Movies -->
			<!-- MOVIE POSTER IMAGE -->
			<control type="image">
				<posx>1160</posx>
				<posy>764</posy>
				<width>213</width>
				<height>315</height>
				<aspectratio>keep</aspectratio>
				<texture background="true">$VAR[PosterThumb]</texture>
				<bordertexture colordiffuse="grey_a">white.png</bordertexture>
				<bordersize>1,1,1,1</bordersize>
				<fadetime>300</fadetime>
				<visible>!StringCompare(ListItem.Label,..) + !Container.Content(Episodes)</visible>
			</control>
			<control type="image">
				<posx>1060</posx>
				<posy>884</posy>
				<width>309</width>
				<height>174</height>
				<texture background="true">$VAR[PosterThumb]</texture>
				<bordertexture colordiffuse="grey_a">white.png</bordertexture>
				<bordersize>1,1,1,1</bordersize>
				<fadetime>300</fadetime>
				<visible>!StringCompare(ListItem.Label,..) + Container.Content(Episodes)</visible>
			</control>

			<!-- Clear Logo -->
			<control type="image">
				<posx>0</posx>
				<posy>890</posy>
				<width>260</width>
				<height>120</height>
				<texture background="true">$INFO[ListItem.Art(clearlogo)]$INFO[ListItem.Art(tvshow.clearlogo)]</texture>
				<visible>!Container.Content(Episodes)</visible>
			</control>
			<control type="image">
				<posx>590</posx>
				<posy>740</posy>
				<width>260</width>
				<height>120</height>
				<texture background="true">$INFO[Skin.String(music_path)]$INFO[ListItem.Artist,,/logo.png]</texture>
				<animation effect="slide" end="0,110" time="200" condition="Skin.HasSetting(fanart_plot)">Conditional</animation>
			</control>
			<!-- Plot for movies\tvshows - nologo -->
			<control type="textbox">
				<description>Plot Value for TVShows\Movies without logo</description>
				<posx>20</posx>
				<posy>870</posy>
				<width>1120</width>
				<height>195</height>
				<font>font-22</font>
				<align>right</align>
				<textcolor>grey_b</textcolor>
				<label>$VAR[ViewFanartText]</label>
				<autoscroll time="2000" delay="8000" repeat="5000">!Skin.HasSetting(AutoScroll)</autoscroll>
				<animation effect="slide" end="0,400" time="200" condition="Skin.HasSetting(fanart_plot)">Conditional</animation>
				<visible>IsEmpty(ListItem.Art(clearlogo)) + IsEmpty(ListItem.Art(tvshow.clearlogo)) + !Container.Content(Episodes)</visible>
			</control>
			<control type="textbox">
				<description>Plot Value for Episodes</description>
				<posx>20</posx>
				<posy>870</posy>
				<width>1020</width>
				<height>195</height>
				<font>font-22</font>
				<align>right</align>
				<textcolor>grey_b</textcolor>
				<label>$VAR[ViewFanartText]</label>
				<autoscroll time="2000" delay="8000" repeat="5000">!Skin.HasSetting(AutoScroll)</autoscroll>
				<animation effect="slide" end="0,400" time="200" condition="Skin.HasSetting(fanart_plot)">Conditional</animation>
				<visible>IsEmpty(ListItem.Art(clearlogo)) + IsEmpty(ListItem.Art(tvshow.clearlogo)) + Container.Content(Episodes)</visible>
			</control>
			<control type="textbox">
				<description>Plot Value for TVShows\Movies with logo</description>
				<posx>280</posx>
				<posy>870</posy>
				<width>860</width>
				<height>195</height>
				<font>font-22</font>
				<align>right</align>
				<textcolor>grey_b</textcolor>
				<label>$VAR[ViewFanartText]</label>
				<autoscroll time="2000" delay="8000" repeat="5000">!Skin.HasSetting(AutoScroll)</autoscroll>
				<animation effect="slide" end="-100,0" time="0" condition="Container.Content(Episodes)">Conditional</animation>
				<animation effect="slide" end="0,400" time="200" condition="Skin.HasSetting(fanart_plot)">Conditional</animation>
				<visible>!IsEmpty(ListItem.Art(clearlogo)) | !IsEmpty(ListItem.Art(tvshow.clearlogo))</visible>
			</control>

			<control type="group">
				<visible>Container.Content(songs) + !IsEmpty(ListItem.StarRating)</visible>
				<posx>1170</posx>
				<posy>1035</posy>
				<!-- StarRating For songs -->
				<control type="image">
					<description>Rating image</description>
					<posx>0</posx>
					<posy>0</posy>
					<width>188</width>
					<height>38</height>
					<texture background="true">rating0.png</texture>
					<aspectratio align="right">keep</aspectratio>
				</control>

				<!-- DecreaseRating\IncreaseRating -->
				<control type="image">
					<description>Rating image</description>
					<posx>0</posx>
					<posy>0</posy>
					<width>188</width>
					<height>38</height>
					<texture background="true" colordiffuse="$VAR[main_color]">$INFO[ListItem.StarRating]</texture>
					<aspectratio align="right">keep</aspectratio>
					<visible>!StringCompare(ListItem.StarRating,rating0.png)</visible>
				</control>
			</control>
			<!-- Hidden for show full screen Fanart -->
			<control type="button" id="555">
				<posx>2000</posx>
				<posy>-10</posy>
				<width>1</width>
				<height>1</height>
				<label>-</label>
				<onleft>50</onleft>
				<onright>50</onright>
				<onback>50</onback>
				<onclick>left</onclick>
				<onclick>Select</onclick>
				<ondown>Control.Move(50,1)</ondown>
				<onup>Control.Move(50,-1)</onup>
				<!-- <visible>!Player.HasVideo</visible> -->
			</control>
			<!-- Full Screen Fanart -->
			<control type="image">
				<posx>0</posx>
				<posy>0</posy>
				<width>1920</width>
				<height>1080</height>
				<texture background="true" fallback="special://skin/backgrounds/videos.jpg">$INFO[ListItem.Art(fanart)]</texture>
				<aspectratio>scale</aspectratio>
				<fadetime>0</fadetime>
				<include>dialog_zoom_animation</include>
				<visible>!Player.HasVideo + Control.HasFocus(555)</visible>
			</control>
			<control type="image">
				<posx>0</posx>
				<posy>900</posy>
				<height>200</height>
				<width>1920</width>
				<texture background="true">black.png</texture>
				<visible>!Container(50).OnNext + !Container(50).OnPrevious + Control.HasFocus(555) + !Player.HasVideo</visible>
				<animation type="Visible">
					<effect type="fade" end="60" time="0"/>
					<effect type="slide" start="0,200" end="0" time="300"/>
				</animation>
			</control>
			<control type="label">
				<posx>0</posx>
				<posy>910</posy>
				<width>1920</width>
				<height>200</height>
				<font>font-40</font>
				<textcolor>white</textcolor>
				<shadowcolor>$var[main_color]</shadowcolor>
				<align>center</align>
				<label>$INFO[ListItem.Label]</label>
				<wrapmultiline>true</wrapmultiline>
				<visible>!Container(50).OnNext + !Container(50).OnPrevious + Control.HasFocus(555) + !Player.HasVideo</visible>
				<animation effect="slide" start="0,200" end="0" time="300">Visible</animation>
			</control>
		</control>
	</include>
	<include name="fanart_view_ltr">
		<control type="group">
			<visible>Control.IsVisible(50)</visible>
			<visible>IntegerGreaterThan(Container.NumItems,-1) | !Container.IsUpdating</visible>
			<include>views_animation</include>
			<control type="group">
				<control type="multiimage">
					<posx>0</posx>
					<posy>0</posy>
					<width>1920</width>
					<height>1080</height>
					<imagepath background="true">$VAR[fanart_bg]</imagepath>
					<timeperimage>5000</timeperimage>
					<aspectratio>scale</aspectratio>
					<randomize>true</randomize>
					<fadetime>650</fadetime>
					<visible>!Player.HasVideo + Skin.HasSetting(fanart_trans)</visible>
				</control>
				<control type="multiimage">
					<posx>532</posx>
					<posy>0</posy>
					<width>1388</width>
					<height>860</height>
					<imagepath background="true">$VAR[fanart_bg]</imagepath>
					<aspectratio>scale</aspectratio>
					<timeperimage>5000</timeperimage>
					<randomize>true</randomize>
					<fadetime>650</fadetime>
					<visible>!Player.HasVideo + !Skin.HasSetting(fanart_trans)</visible>
				</control>

				<control type="image">
					<posx>0</posx>
					<posy>0</posy>
					<width>532</width>
					<height>1080</height>
					<texture background="true">main/main_menu.png</texture>
					<include>fanart_fade_level</include>
				</control>
				<include name="right_shadow">
					<param name="posx" value="532" />
					<param name="posy" value="0" />
					<param name="width" value="20" />
					<param name="height" value="1080" />
				</include>
				<control type="image">
					<posx>532</posx>
					<posy>860</posy>
					<width>1388</width>
					<height>220</height>
					<texture background="true">main/main_menu.png</texture>
					<bordertexture colordiffuse="grey_a">white.png</bordertexture>
					<bordersize>0,1,0,0</bordersize>
					<include>fanart_fade_level</include>
					<animation effect="slide" end="0,400" time="200" condition="Skin.HasSetting(fanart_plot) + !Window.IsActive(DialogVideoInfo.xml)">Conditional</animation>
				</control>
			</control>

			<control type="image">
				<posx>540</posx>
				<posy>870</posy>
				<width>200</width>
				<height>200</height>
				<texture colordiffuse="$VAR[main_color]" background="true" flipx="true">DefaultFolderBack2.png</texture>
				<visible>stringcompare(ListItem.Label,..)</visible>
			</control>

			<control type="list" id="50">
				<posx>0</posx>
				<posy>0</posy>
				<height>1052</height>
				<width>532</width>
				<onleft>60</onleft>
				<onright>9006</onright>
				<onup>50</onup>
				<ondown>50</ondown>
				<viewtype label="31200">list</viewtype>
				<visible>StringCompare(Window(Home).Property(SkinHelper.ForcedView),50) | IsEmpty(Window(Home).Property(SkinHelper.ForcedView))</visible>
				<pagecontrol>60</pagecontrol>
				<scrolltime tween="circle" easing="inout">400</scrolltime>
				<preloaditems>2</preloaditems>
				<animation effect="fade" start="0" end="100" time="1000">WindowOpen</animation>
				<animation effect="fade" start="100" end="0" delay="0" time="400">WindowClose</animation>
				<itemlayout width="532" height="78" condition="!Window.IsActive(MyPVRChannels.xml)">

					<!-- unfocused movie  -->
					<include>movie_title_short_nf</include>
					<include>movie_title_long_nf</include>
					<!-- the year below the movie -->
				<!-- 	<control type="label">
						<posx>30</posx>
						<posy>45</posy>
						<width>80</width>
						<height>30</height>
						<align>left</align>
						<aligny>center</aligny>
						<font>font-15</font>
						<textcolor>grey_a</textcolor>
						<selectedcolor>grey_a</selectedcolor>
						<label>$INFO[ListItem.Year]</label>
						<visible>Container.Content(Movies) | Container.Content(Albums)</visible>
						<visible>stringcompare(ListItem.Label,..) | !ListItem.IsFolder | Window.IsVisible(VideoPlaylist) | !SubString(ListItem.Path,videodb://movies/sets,left)</visible>
					</control> -->
					<!-- Genre below the movie -->
					<!-- <control type="label">
						<posx>100</posx>
						<posy>44</posy>
						<width>405</width>
						<height>30</height>
						<font>font-16</font>
						<textcolor>grey_a</textcolor>
						<selectedcolor>grey_a</selectedcolor>
						<align>left</align>
						<aligny>center</aligny>
						<label>$INFO[ListItem.Genre]</label>
						<visible>Container.Content(Movies)</visible>
					</control> -->

					<!-- info about seasons and episodes -->
					<!-- <control type="label">
						<posx>30</posx>
						<posy>44</posy>
						<width>470</width>
						<height>30</height>
						<font>font-16</font>
						<textcolor>grey_a</textcolor>
						<align>left</align>
						<aligny>center</aligny>
						<label>$INFO[ListItem.Property(TotalSeasons)] $LOCALIZE[33054], $INFO[ListItem.Property(TotalEpisodes)] $LOCALIZE[20360]</label>
						<visible>Container.Content(TVShows) + !IsEmpty(ListItem.Property(TotalSeasons))</visible>
					</control> -->

					<control type="textbox">
						<posx>30</posx>
						<posy>44</posy>
						<width>472</width>
						<height>30</height>
						<font>font-16</font>
						<textcolor>grey_a</textcolor>
						<selectedcolor>grey_a</selectedcolor>
						<include>align_tag</include>
						<aligny>center</aligny>
						<label>$VAR[fanart_sublabel]</label>
						<visible>!ListItem.IsCollection</visible>
					</control>
					<!-- movie set icon -->
					<control type="image">
						<posx>30</posx>
						<posy>34</posy>
						<width>48</width>
						<height>48</height>
						<texture colordiffuse="grey_b">movieset.png</texture>
						<visible>ListItem.IsCollection</visible>
					</control>

					<!-- itemlayout Watched Status -->
					<control type="image">
						<posx>472</posx>
						<posy>0</posy>
						<width>60</width>
						<height>60</height>
						<texture flipx="true">wflag.png</texture>
						<visible>!stringcompare(ListItem.Label,..) + [StringCompare(ListItem.Overlay,overlaywatched.png) | IntegerGreaterThan(ListItem.PercentPlayed,0) | [[Container.Content(TVShows) | Container.Content(Seasons)] + !IsEmpty(ListItem.Property(UnWatchedEpisodes))]] </visible>
					</control>
					<control type="image">
						<posx>498</posx>
						<posy>7</posy>
						<width>28</width>
						<height>28</height>
						<texture colordiffuse="grey">eye.png</texture>
						<visible>StringCompare(ListItem.Overlay,overlaywatched.png)</visible>
					</control>
					<control type="label">
						<posx>486</posx>
						<posy>12</posy>
						<width>50</width>
						<height>20</height>
						<font>font-12</font>
						<textcolor>grey</textcolor>
						<angle>315</angle>
						<align>center</align>
						<aligny>center</aligny>
						<label>$INFO[ListItem.PercentPlayed]%</label>
						<visible>!StringCompare(ListItem.Overlay,overlaywatched.png) + IntegerGreaterThan(ListItem.PercentPlayed,0) + !IntegerGreaterThan(ListItem.PercentPlayed,99)</visible>
					</control>
					<control type="label">
						<posx>486</posx>
						<posy>12</posy>
						<width>50</width>
						<height>20</height>
						<font>font-12</font>
						<textcolor>grey</textcolor>
						<angle>315</angle>
						<align>center</align>
						<aligny>center</aligny>
						<label>$INFO[ListItem.Property(UnWatchedEpisodes)]</label>
						<visible>!StringCompare(ListItem.Overlay,overlaywatched.png) + [Container.Content(TVShows) | Container.Content(Seasons)]</visible>
					</control>

					<!-- the episode of number in tvshows -->
					<include>episode_num_nf</include>

					<control type="image">
						<posx>0</posx>
						<posy>0</posy>
						<width>532</width>
						<height>1</height>
						<texture colordiffuse="grey_a">white.png</texture>
						<visible>!Skin.HasSetting(fanart_seps)</visible>
					</control>
					<control type="image">
						<posx>0</posx>
						<posy>78</posy>
						<width>532</width>
						<height>1</height>
						<texture colordiffuse="grey_a">white.png</texture>
						<visible>!Skin.HasSetting(fanart_seps)</visible>
					</control>
				</itemlayout>
				<focusedlayout width="532" height="78" condition="!Window.IsActive(MyPVRChannels.xml)">

					<control type="image">
						<posx>0</posx>
						<posy>0</posy>
						<width>532</width>
						<height>78</height>
						<texture background="true">main/main_focus.png</texture>
						<visible>Skin.HasSetting(bold_list)</visible>
					</control>
					<control type="image">
						<posx>0</posx>
						<posy>0</posy>
						<width>532</width>
						<height>78</height>
						<texture colordiffuse="$VAR[list_bg_color]">white.png</texture>
						<animation effect="fade" end="25" time="0" condition="true">Conditional</animation>
						<visible>!Skin.HasSetting(bold_list)</visible>
					</control>
					<control type="image">
						<posx>0</posx>
						<posy>0</posy>
						<width>532</width>
						<height>1</height>
						<texture colordiffuse="grey_a">white.png</texture>
					</control>
					<control type="image">
						<posx>0</posx>
						<posy>78</posy>
						<width>532</width>
						<height>1</height>
						<texture colordiffuse="grey_a">white.png</texture>
					</control>


					<!-- focused movie -->
					<include>movie_title_short</include>
					<include>movie_title_long</include>


					<!-- year below the movie -->
					<!-- <control type="label">
						<posx>30</posx>
						<posy>45</posy>
						<width>80</width>
						<height>30</height>
						<align>left</align>
						<aligny>center</aligny>
						<font>font-15</font>
						<textcolor>$VAR[list_color]</textcolor>
						<selectedcolor>$VAR[list_color]</selectedcolor>
						<label>$INFO[ListItem.Year]</label>
						<visible>Container.Content(Movies) | Container.Content(Albums)</visible>
						<visible>stringcompare(ListItem.Label,..) | !ListItem.IsFolder | Window.IsVisible(VideoPlaylist) | !SubString(ListItem.Path,videodb://movies/sets,left)</visible>
					</control> -->
					<!-- Genre below the movie -->
				<!-- 	<control type="label">
						<posx>100</posx>
						<posy>44</posy>
						<width>405</width>
						<height>30</height>
						<font>font-16</font>
						<textcolor>$VAR[list_color]</textcolor>
						<selectedcolor>$VAR[list_color]</selectedcolor>
						<align>left</align>
						<aligny>center</aligny>
						<label>$INFO[ListItem.Genre]</label>
						<visible>Container.Content(Movies)</visible>
					</control> -->
					<control type="textbox">
						<posx>30</posx>
						<posy>44</posy>
						<width>472</width>
						<height>30</height>
						<font>font-16</font>
						<textcolor>$VAR[list_color]</textcolor>
						<selectedcolor>$VAR[list_color]</selectedcolor>
						<include>align_tag</include>
						<aligny>center</aligny>
						<label>$VAR[fanart_sublabel]</label>
						<visible>!ListItem.IsCollection</visible>
					</control>
					<!-- movie set icon for sets -->
					<control type="image">
						<posx>30</posx>
						<posy>34</posy>
						<width>48</width>
						<height>48</height>
						<texture background="true">movieset.png</texture>
						<visible>ListItem.IsCollection</visible>
					</control>
					<!-- the number of the episode in tvshows -->
					<include>episode_num_f</include>

					<!-- info about seasons and episodes -->
					<!-- <control type="label">
						<posx>30</posx>
						<posy>44</posy>
						<width>470</width>
						<height>30</height>
						<font>font-16</font>
						<textcolor>$VAR[list_color]</textcolor>
						<selectedcolor>$VAR[list_color]</selectedcolor>
						<align>left</align>
						<aligny>center</aligny>
						<label>$INFO[ListItem.Property(TotalSeasons)] $LOCALIZE[33054], $INFO[ListItem.Property(TotalEpisodes)] $LOCALIZE[20360]</label>
						<visible>Container.Content(TVShows) + !IsEmpty(ListItem.Property(TotalSeasons))</visible>
					</control> -->

					<!-- focuslayout Watched Status -->
					<control type="image">
						<posx>472</posx>
						<posy>0</posy>
						<width>60</width>
						<height>60</height>
						<texture flipx="true">wflag.png</texture>
						<visible>!stringcompare(ListItem.Label,..) + [StringCompare(ListItem.Overlay,overlaywatched.png) | IntegerGreaterThan(ListItem.PercentPlayed,0) | [[Container.Content(TVShows) | Container.Content(Seasons)] + !IsEmpty(ListItem.Property(UnWatchedEpisodes))]] </visible>
					</control>
					<control type="image">
						<posx>498</posx>
						<posy>7</posy>
						<width>28</width>
						<height>28</height>
						<texture colordiffuse="grey_b">eye.png</texture>
						<visible>StringCompare(ListItem.Overlay,overlaywatched.png)</visible>
					</control>
					<control type="label">
						<posx>486</posx>
						<posy>12</posy>
						<width>50</width>
						<height>20</height>
						<font>font-12</font>
						<textcolor>grey_b</textcolor>
						<angle>315</angle>
						<align>center</align>
						<aligny>center</aligny>
						<label>$INFO[ListItem.PercentPlayed]%</label>
						<visible>!StringCompare(ListItem.Overlay,overlaywatched.png) + IntegerGreaterThan(ListItem.PercentPlayed,0) + !IntegerGreaterThan(ListItem.PercentPlayed,99)</visible>
					</control>
					<control type="label">
						<posx>486</posx>
						<posy>12</posy>
						<width>50</width>
						<height>20</height>
						<font>font-12</font>
						<textcolor>grey_b</textcolor>
						<angle>315</angle>
						<align>center</align>
						<aligny>center</aligny>
						<label>$INFO[ListItem.Property(UnWatchedEpisodes)]</label>
						<visible>!StringCompare(ListItem.Overlay,overlaywatched.png) + [Container.Content(TVShows) | Container.Content(Seasons)]</visible>
					</control>
				</focusedlayout>

				<itemlayout width="532" height="97" condition="Window.IsActive(MyPVRChannels.xml)">
					<control type="progress">
						<description>Progressbar</description>
						<posx>0</posx>
						<posy>72</posy>
						<width>532</width>
						<height>22</height>
						<info>ListItem.Progress</info>
					</control>
					<include>channel_num_nf</include>
					<control type="label">
						<animation effect="slide" end="30,0" time="0" condition="IntegerGreaterThan(ListItem.ChannelNumberLabel,99)">Conditional</animation>
						<posx>90</posx>
						<posy>3</posy>
						<width>405</width>
						<height>40</height>
						<font>font-24</font>
						<textcolor>grey_b</textcolor>
						<selectedcolor>grey_b</selectedcolor>
						<align>left</align>
						<aligny>top</aligny>
						<label>$INFO[ListItem.Label]</label>
					</control>
					<control type="label">
						<animation effect="slide" end="30,0" time="0" condition="IntegerGreaterThan(ListItem.ChannelNumberLabel,99)">Conditional</animation>
						<posx>90</posx>
						<posy>38</posy>
						<width>405</width>
						<height>40</height>
						<font>font-20</font>
						<textcolor>grey_a</textcolor>
						<selectedcolor>grey_a</selectedcolor>
						<align>left</align>
						<aligny>top</aligny>
						<label>$INFO[ListItem.Title]</label>
					</control>
					<control type="image">
						<posx>0</posx>
						<posy>0</posy>
						<width>532</width>
						<height>1</height>
						<texture colordiffuse="grey_a">white.png</texture>
					</control>
					<control type="image">
						<posx>0</posx>
						<posy>97</posy>
						<width>532</width>
						<height>1</height>
						<texture colordiffuse="grey_a">white.png</texture>
					</control>
				</itemlayout>
				<focusedlayout width="532" height="97" condition="Window.IsActive(MyPVRChannels.xml)">
					<control type="image">
						<posx>0</posx>
						<posy>0</posy>
						<width>532</width>
						<height>97</height>
						<texture background="true">main/main_focus.png</texture>
						<visible>Skin.HasSetting(bold_list)</visible>
					</control>
					<control type="image">
						<posx>0</posx>
						<posy>0</posy>
						<width>532</width>
						<height>97</height>
						<texture colordiffuse="$VAR[list_bg_color]">white.png</texture>
						<animation effect="fade" end="25" time="0" condition="true">Conditional</animation>
						<visible>!Skin.HasSetting(bold_list)</visible>
					</control>
					<control type="image">
						<posx>0</posx>
						<posy>0</posy>
						<width>532</width>
						<height>1</height>
						<texture colordiffuse="grey_a">white.png</texture>
					</control>
					<control type="image">
						<posx>0</posx>
						<posy>97</posy>
						<width>532</width>
						<height>1</height>
						<texture colordiffuse="grey_a">white.png</texture>
					</control>
					<control type="progress">
						<description>Progressbar</description>
						<posx>0</posx>
						<posy>72</posy>
						<width>532</width>
						<height>22</height>
						<info>ListItem.Progress</info>
					</control>

					<include>channel_num_f</include>
					<control type="label">
						<animation effect="slide" end="30,0" time="0" condition="IntegerGreaterThan(ListItem.ChannelNumberLabel,99)">Conditional</animation>
						<posx>90</posx>
						<posy>3</posy>
						<width>405</width>
						<height>40</height>
						<font>font-24</font>
						<textcolor>$VAR[list_color]</textcolor>
						<selectedcolor>$VAR[list_color]</selectedcolor>
						<align>left</align>
						<aligny>top</aligny>
						<label>$INFO[ListItem.Label]</label>
					</control>
					<control type="label">
						<animation effect="slide" end="30,0" time="0" condition="IntegerGreaterThan(ListItem.ChannelNumberLabel,99)">Conditional</animation>
						<posx>90</posx>
						<posy>38</posy>
						<width>405</width>
						<height>40</height>
						<font>font-20</font>
						<textcolor>$VAR[list_color]</textcolor>
						<selectedcolor>$VAR[list_color]</selectedcolor>
						<align>left</align>
						<aligny>top</aligny>
						<label>$INFO[ListItem.Title]</label>
					</control>

				</focusedlayout>
			</control>


			<!-- scroll -->
			<include name="vertical_scroll">
				<param name="id" value="60" />
				<param name="listid" value="50" />
				<param name="posy">0</param>
				<param name="height">1080</param>
			</include>
			<!-- Flags -->
			<include name="flags_movies"><param name="posy">806</param></include>
			<!--CDART movies -->
			<control type="group">
				<left>2840</left>
				<top>800</top>
				<width>240</width>
				<height>240</height>
				<include>FanartRollingMovieSetDiscs</include>
			</control>
			<include>cdart_image</include>
			<!-- /CDART Movies -->
			<!-- MOVIE POSTER IMAGE -->
			<control type="image">
				<posx>550</posx>
				<posy>764</posy>
				<width>213</width>
				<height>315</height>
				<aspectratio>keep</aspectratio>
				<texture background="true">$VAR[PosterThumb]</texture>
				<bordertexture colordiffuse="grey_a">white.png</bordertexture>
				<bordersize>1,1,1,1</bordersize>
				<fadetime>300</fadetime>
				<visible>!StringCompare(ListItem.Label,..) + !Container.Content(Episodes)</visible>
			</control>
			<control type="image">
				<posx>550</posx>
				<posy>884</posy>
				<width>309</width>
				<height>174</height>
				<texture background="true">$VAR[PosterThumb]</texture>
				<bordertexture colordiffuse="grey_a">white.png</bordertexture>
				<animation effect="slide" end="0,-40" time="200" condition="Skin.HasSetting(fanart_plot)">Conditional</animation>
				<bordersize>1,1,1,1</bordersize>
				<fadetime>300</fadetime>
				<visible>!StringCompare(ListItem.Label,..) + Container.Content(Episodes)</visible>
			</control>

			<!-- Clear Logo -->
			<control type="image">
				<posx>1645</posx>
				<posy>890</posy>
				<width>260</width>
				<height>120</height>
				<texture background="true">$INFO[ListItem.Art(clearlogo)]$INFO[ListItem.Art(tvshow.clearlogo)]</texture>
				<visible>!Container.Content(Episodes)</visible>
			</control>
			<control type="image">
				<posx>1090</posx>
				<posy>740</posy>
				<width>260</width>
				<height>120</height>
				<texture background="true">$INFO[Skin.String(music_path)]$INFO[ListItem.Artist,,/logo.png]</texture>
				<animation effect="slide" end="0,110" time="200" condition="Skin.HasSetting(fanart_plot)">Conditional</animation>
			</control>
			<!-- Plot for movies\tvshows - nologo -->
			<control type="textbox">
				<description>Plot Value for TVShows\Movies without logo</description>
				<posx>780</posx>
				<posy>870</posy>
				<width>1120</width>
				<height>195</height>
				<font>font-22</font>
				<align>left</align>
				<textcolor>grey_b</textcolor>
				<label>$VAR[ViewFanartText]</label>
				<autoscroll time="2000" delay="8000" repeat="5000">!Skin.HasSetting(AutoScroll)</autoscroll>
				<animation effect="slide" end="0,400" time="200" condition="Skin.HasSetting(fanart_plot)">Conditional</animation>
				<visible>IsEmpty(ListItem.Art(clearlogo)) + IsEmpty(ListItem.Art(tvshow.clearlogo)) + !Container.Content(Episodes)</visible>
			</control>
			<control type="textbox">
				<description>Plot Value for Episodes</description>
				<posx>880</posx>
				<posy>870</posy>
				<width>1020</width>
				<height>195</height>
				<font>font-22</font>
				<align>left</align>
				<textcolor>grey_b</textcolor>
				<label>$VAR[ViewFanartText]</label>
				<autoscroll time="2000" delay="8000" repeat="5000">!Skin.HasSetting(AutoScroll)</autoscroll>
				<animation effect="slide" end="0,400" time="200" condition="Skin.HasSetting(fanart_plot)">Conditional</animation>
				<visible>IsEmpty(ListItem.Art(clearlogo)) + IsEmpty(ListItem.Art(tvshow.clearlogo)) + Container.Content(Episodes)</visible>
			</control>
			<control type="textbox">
				<description>Plot Value for TVShows\Movies with logo</description>
				<posx>780</posx>
				<posy>870</posy>
				<width>860</width>
				<height>195</height>
				<font>font-22</font>
				<align>left</align>
				<textcolor>grey_b</textcolor>
				<label>$VAR[ViewFanartText]</label>
				<autoscroll time="2000" delay="8000" repeat="5000">!Skin.HasSetting(AutoScroll)</autoscroll>
				<animation effect="slide" end="100" time="0" condition="Container.Content(Episodes)">Conditional</animation>
				<animation effect="slide" end="0,400" time="200" condition="Skin.HasSetting(fanart_plot)">Conditional</animation>
				<visible>!IsEmpty(ListItem.Art(clearlogo)) | !IsEmpty(ListItem.Art(tvshow.clearlogo))</visible>
			</control>

			<control type="group">
				<visible>Container.Content(songs) + !IsEmpty(ListItem.StarRating)</visible>
				<posx>560</posx>
				<posy>1035</posy>
				<!-- StarRating For songs -->
				<control type="image">
					<description>Rating image</description>
					<posx>0</posx>
					<posy>0</posy>
					<width>188</width>
					<height>38</height>
					<texture background="true">rating0.png</texture>
					<aspectratio align="right">keep</aspectratio>
				</control>

				<!-- DecreaseRating\IncreaseRating -->
				<control type="image">
					<description>Rating image</description>
					<posx>0</posx>
					<posy>0</posy>
					<width>188</width>
					<height>38</height>
					<texture background="true" colordiffuse="$VAR[main_color]">$INFO[ListItem.StarRating]</texture>
					<aspectratio align="right">keep</aspectratio>
					<visible>!StringCompare(ListItem.StarRating,rating0.png)</visible>
				</control>
			</control>
			<!-- Hidden for show full screen Fanart -->
			<control type="button" id="555">
				<posx>2000</posx>
				<posy>-10</posy>
				<width>1</width>
				<height>1</height>
				<label>-</label>
				<onleft>50</onleft>
				<onright>50</onright>
				<onback>50</onback>
				<onclick>right</onclick>
				<onclick>Select</onclick>
				<ondown>Control.Move(50,1)</ondown>
				<onup>Control.Move(50,-1)</onup>
				<!-- <visible>!Player.HasVideo</visible> -->
			</control>
			<!-- Full Screen Fanart -->
			<control type="image">
				<posx>0</posx>
				<posy>0</posy>
				<width>1920</width>
				<height>1080</height>
				<texture background="true" fallback="special://skin/backgrounds/videos.jpg">$INFO[ListItem.Art(fanart)]</texture>
				<aspectratio>scale</aspectratio>
				<fadetime>0</fadetime>
				<include>dialog_zoom_animation</include>
				<visible>!Player.HasVideo + Control.HasFocus(555)</visible>
			</control>
			<control type="image">
				<posx>0</posx>
				<posy>900</posy>
				<height>200</height>
				<width>1920</width>
				<texture background="true">black.png</texture>
				<visible>!Container(50).OnNext + !Container(50).OnPrevious + Control.HasFocus(555) + !Player.HasVideo</visible>
				<animation type="Visible">
					<effect type="fade" end="60" time="0"/>
					<effect type="slide" start="0,200" end="0" time="300"/>
				</animation>
			</control>
			<control type="label">
				<posx>0</posx>
				<posy>910</posy>
				<width>1920</width>
				<height>200</height>
				<font>font-40</font>
				<textcolor>white</textcolor>
				<shadowcolor>$var[main_color]</shadowcolor>
				<align>center</align>
				<label>$INFO[ListItem.Label]</label>
				<wrapmultiline>true</wrapmultiline>
				<visible>!Container(50).OnNext + !Container(50).OnPrevious + Control.HasFocus(555) + !Player.HasVideo</visible>
				<animation effect="slide" start="0,200" end="0" time="300">Visible</animation>
			</control>
		</control>
	</include>

	<!-- Titles for fanart view -->
	<include name="movie_title_short">
		<include condition="StringCompare(System.Language,Hebrew) | Skin.HasSetting(Prefer_RTL)">movie_title_short_rtl</include>
		<include condition="!StringCompare(System.Language,Hebrew) + !Skin.HasSetting(Prefer_RTL)">movie_title_short_ltr</include>
	</include>
	<include name="movie_title_long">
		<include condition="StringCompare(System.Language,Hebrew) | Skin.HasSetting(Prefer_RTL)">movie_title_long_rtl</include>
		<include condition="!StringCompare(System.Language,Hebrew) + !Skin.HasSetting(Prefer_RTL)">movie_title_long_ltr</include>
	</include>
	<include name="movie_title_short_nf">
		<include condition="StringCompare(System.Language,Hebrew) | Skin.HasSetting(Prefer_RTL)">movie_title_short_nf_rtl</include>
		<include condition="!StringCompare(System.Language,Hebrew) + !Skin.HasSetting(Prefer_RTL)">movie_title_short_nf_ltr</include>
	</include>
	<include name="movie_title_long_nf">
		<include condition="StringCompare(System.Language,Hebrew) | Skin.HasSetting(Prefer_RTL)">movie_title_long_nf_rtl</include>
		<include condition="!StringCompare(System.Language,Hebrew) + !Skin.HasSetting(Prefer_RTL)">movie_title_long_nf_ltr</include>
	</include>
	<!-- RTL Titles -->
	<include name="movie_title_short_rtl">
		<control type="label">
			<height>40</height>
			<font>font-24</font>
			<textcolor>$VAR[list_color]</textcolor>
			<selectedcolor>$VAR[list_color]</selectedcolor>
			<align>right</align>
			<aligny>top</aligny>
			<label>$VAR[movie_label]</label>
			<autoscroll time="3000" delay="4000" repeat="500">true</autoscroll>
			<width>385</width>
			<posx>58</posx>
			<posy>15</posy>
			<visible>[Container.Content(Episodes) + !IsEmpty(ListItem.Episode) + !IsEmpty(ListItem.TVShowTitle)] | [Container.Content(songs) + !IsEmpty(ListItem.TrackNumber)]</visible>
		</control>
	</include>
	<include name="movie_title_long_rtl">
		<control type="label">
			<height>40</height>
			<font>font-24</font>
			<textcolor>$VAR[list_color]</textcolor>
			<selectedcolor>$VAR[list_color]</selectedcolor>
			<align>right</align>
			<aligny>top</aligny>
			<label>$VAR[movie_label]</label>
			<autoscroll time="3000" delay="4000" repeat="500">true</autoscroll>
			<posx>58</posx>
			<posy>0</posy>
			<width>440</width>
			<visible>[[!Container.Content(Episodes) | IsEmpty(ListItem.Episode) | IsEmpty(ListItem.TVShowTitle)] + !Container.Content(songs)] | [Container.Content(songs) + IsEmpty(ListItem.TrackNumber)]</visible>
		</control>
	</include>
	<include name="movie_title_short_nf_rtl">
		<control type="label">
			<posx>58</posx>
			<posy>15</posy>
			<width>385</width>
			<height>40</height>
			<font>font-24</font>
			<textcolor>grey_b</textcolor>
			<selectedcolor>grey_b</selectedcolor>
			<align>right</align>
			<aligny>top</aligny>
			<label>$VAR[movie_label]</label>
			<autoscroll time="3000" delay="4000" repeat="500">true</autoscroll>
			<visible>[Container.Content(Episodes) + !IsEmpty(ListItem.Episode) + !IsEmpty(ListItem.TVShowTitle)] | [Container.Content(songs) + !IsEmpty(ListItem.TrackNumber)]</visible>
		</control>
	</include>
	<include name="movie_title_long_nf_rtl">
		<control type="label">
			<height>40</height>
			<font>font-24</font>
			<textcolor>grey_b</textcolor>
			<selectedcolor>grey_b</selectedcolor>
			<align>right</align>
			<aligny>top</aligny>
			<label>$VAR[movie_label]</label>
			<autoscroll time="3000" delay="4000" repeat="500">true</autoscroll>
			<posx>58</posx>
			<posy>0</posy>
			<width>440</width>
			<visible>[[!Container.Content(Episodes) | IsEmpty(ListItem.Episode) | IsEmpty(ListItem.TVShowTitle)] + !Container.Content(songs)] | [Container.Content(songs) + IsEmpty(ListItem.TrackNumber)]</visible>
		</control>
	</include>


	<!-- LTR Titles -->
	<include name="movie_title_short_ltr">
		<control type="label">
			<height>40</height>
			<font>font-24</font>
			<textcolor>$VAR[list_color]</textcolor>
			<selectedcolor>$VAR[list_color]</selectedcolor>
			<align>left</align>
			<aligny>top</aligny>
			<label>$VAR[movie_label]</label>
			<autoscroll time="3000" delay="4000" repeat="500">true</autoscroll>
			<width>385</width>
			<posx>87</posx>
			<posy>15</posy>
			<visible>[Container.Content(Episodes) + !IsEmpty(ListItem.Episode) + !IsEmpty(ListItem.TVShowTitle)] | [Container.Content(songs) + !IsEmpty(ListItem.TrackNumber)]</visible>
		</control>
	</include>
	<include name="movie_title_long_ltr">
		<control type="label">
			<height>40</height>
			<font>font-24</font>
			<textcolor>$VAR[list_color]</textcolor>
			<selectedcolor>$VAR[list_color]</selectedcolor>
			<align>left</align>
			<aligny>top</aligny>
			<label>$VAR[movie_label]</label>
			<autoscroll time="3000" delay="4000" repeat="500">true</autoscroll>
			<posx>30</posx>
			<posy>0</posy>
			<width>440</width>
			<visible>[[!Container.Content(Episodes) | IsEmpty(ListItem.Episode) | IsEmpty(ListItem.TVShowTitle)] + !Container.Content(songs)] | [Container.Content(songs) + IsEmpty(ListItem.TrackNumber)]</visible>
		</control>
	</include>


	<include name="movie_title_short_nf_ltr">
		<control type="label">
			<posx>87</posx>
			<posy>15</posy>
			<width>385</width>
			<height>40</height>
			<font>font-24</font>
			<textcolor>grey_b</textcolor>
			<selectedcolor>grey_b</selectedcolor>
			<align>left</align>
			<aligny>top</aligny>
			<label>$VAR[movie_label]</label>
			<autoscroll time="3000" delay="4000" repeat="500">true</autoscroll>
			<visible>[Container.Content(Episodes) + !IsEmpty(ListItem.Episode) + !IsEmpty(ListItem.TVShowTitle)] | [Container.Content(songs) + !IsEmpty(ListItem.TrackNumber)]</visible>
		</control>
	</include>
	<include name="movie_title_long_nf_ltr">
		<control type="label">
			<height>40</height>
			<font>font-24</font>
			<textcolor>grey_b</textcolor>
			<selectedcolor>grey_b</selectedcolor>
			<align>left</align>
			<aligny>top</aligny>
			<label>$VAR[movie_label]</label>
			<autoscroll time="3000" delay="4000" repeat="500">true</autoscroll>
			<posx>30</posx>
			<posy>0</posy>
			<width>440</width>
			<visible>[[!Container.Content(Episodes) | IsEmpty(ListItem.Episode) | IsEmpty(ListItem.TVShowTitle)] + !Container.Content(songs)] | [Container.Content(songs) + IsEmpty(ListItem.TrackNumber)]</visible>
		</control>
	</include>

	<!-- Episodes and PVR Numbers -->
	<include name="episode_num_nf">
		<include condition="StringCompare(System.Language,Hebrew) | Skin.HasSetting(Prefer_RTL)">episode_num_nf_rtl</include>
		<include condition="!StringCompare(System.Language,Hebrew) + !Skin.HasSetting(Prefer_RTL)">episode_num_nf_ltr</include>
	</include>
	<include name="episode_num_f">
		<include condition="StringCompare(System.Language,Hebrew) | Skin.HasSetting(Prefer_RTL)">episode_num_f_rtl</include>
		<include condition="!StringCompare(System.Language,Hebrew) + !Skin.HasSetting(Prefer_RTL)">episode_num_f_ltr</include>
	</include>
	<include name="channel_num_f">
		<include condition="StringCompare(System.Language,Hebrew) | Skin.HasSetting(Prefer_RTL)">channel_num_f_rtl</include>
		<include condition="!StringCompare(System.Language,Hebrew) + !Skin.HasSetting(Prefer_RTL)">channel_num_f_ltr</include>
	</include>
	<include name="channel_num_nf">
		<include condition="StringCompare(System.Language,Hebrew) | Skin.HasSetting(Prefer_RTL)">channel_num_nf_rtl</include>
		<include condition="!StringCompare(System.Language,Hebrew) + !Skin.HasSetting(Prefer_RTL)">channel_num_nf_ltr</include>
	</include>
	<!-- RTL - Episode Numbers -->
	<include name="episode_num_nf_rtl">
		<control type="label">
			<posx>415</posx>
			<posy>25</posy>
			<width>100</width>
			<height>20</height>
			<font>font-30</font>
			<textcolor>grey_b</textcolor>
			<selectedcolor>grey_b</selectedcolor>
			<align>right</align>
			<aligny>center</aligny>
			<label>.$INFO[ListItem.Episode]$INFO[ListItem.TrackNumber]</label>
			<visible>IntegerGreaterThan(ListItem.Episode,9) | IntegerGreaterThan(ListItem.TrackNumber,9) | SubString(ListItem.Episode,S)</visible>
			<visible>[Container.Content(Episodes) + !IsEmpty(ListItem.Episode) + !IsEmpty(ListItem.TVShowTitle)] | [Container.Content(songs) + !IsEmpty(ListItem.TrackNumber)]</visible>
		</control>
		<control type="label">
			<posx>415</posx>
			<posy>25</posy>
			<width>100</width>
			<height>20</height>
			<font>font-30</font>
			<textcolor>grey_b</textcolor>
			<selectedcolor>grey_b</selectedcolor>
			<align>right</align>
			<aligny>center</aligny>
			<label>.0$INFO[ListItem.Episode]$INFO[ListItem.TrackNumber]</label>
			<visible>!IntegerGreaterThan(ListItem.Episode,9) + !IntegerGreaterThan(ListItem.TrackNumber,9) + !SubString(ListItem.Episode,S)</visible>
			<visible>[Container.Content(Episodes) + !IsEmpty(ListItem.Episode) + !IsEmpty(ListItem.TVShowTitle)] | [Container.Content(songs) + !IsEmpty(ListItem.TrackNumber)]</visible>
		</control>
	</include>

	<include name="episode_num_f_rtl">
		<control type="label">
			<posx>415</posx>
			<posy>25</posy>
			<width>100</width>
			<height>20</height>
			<font>font-30</font>
			<textcolor>$VAR[list_color]</textcolor>
			<selectedcolor>$VAR[list_color]</selectedcolor>
			<align>right</align>
			<aligny>center</aligny>
			<label>.$INFO[ListItem.Episode]$INFO[ListItem.TrackNumber]</label>
			<visible>IntegerGreaterThan(ListItem.Episode,9) | IntegerGreaterThan(ListItem.TrackNumber,9) | SubString(ListItem.Episode,S)</visible>
			<visible>[Container.Content(Episodes) + !IsEmpty(ListItem.Episode) + !IsEmpty(ListItem.TVShowTitle)] | [Container.Content(songs) + !IsEmpty(ListItem.TrackNumber)]</visible>
		</control>
		<control type="label">
			<posx>415</posx>
			<posy>25</posy>
			<width>100</width>
			<height>20</height>
			<font>font-30</font>
			<textcolor>$VAR[list_color]</textcolor>
			<selectedcolor>$VAR[list_color]</selectedcolor>
			<align>right</align>
			<aligny>center</aligny>
			<label>.0$INFO[ListItem.Episode]$INFO[ListItem.TrackNumber]</label>
			<visible>!IntegerGreaterThan(ListItem.Episode,9) + !IntegerGreaterThan(ListItem.TrackNumber,9) + !SubString(ListItem.Episode,S)</visible>
			<visible>[Container.Content(Episodes) + !IsEmpty(ListItem.Episode) + !IsEmpty(ListItem.TVShowTitle)] | [Container.Content(songs) + !IsEmpty(ListItem.TrackNumber)]</visible>
		</control>
	</include>

	<!-- RTL - PVR Channel Numbers -->
	<include name="channel_num_f_rtl">
		<control type="label">
			<posx>415</posx>
			<posy>35</posy>
			<width>100</width>
			<height>20</height>
			<font>font-30</font>
			<textcolor>$VAR[list_color]</textcolor>
			<selectedcolor>$VAR[list_color]</selectedcolor>
			<align>right</align>
			<aligny>center</aligny>
			<label>.$INFO[ListItem.ChannelNumberLabel]</label>
			<visible>IntegerGreaterThan(ListItem.ChannelNumberLabel,9)</visible>
		</control>
		<control type="label">
			<posx>415</posx>
			<posy>35</posy>
			<width>100</width>
			<height>20</height>
			<font>font-30</font>
			<textcolor>$VAR[list_color]</textcolor>
			<selectedcolor>$VAR[list_color]</selectedcolor>
			<align>right</align>
			<aligny>center</aligny>
			<label>.0$INFO[ListItem.ChannelNumberLabel]</label>
			<visible>!IntegerGreaterThan(ListItem.ChannelNumberLabel,9)</visible>
		</control>
	</include>

	<include name="channel_num_nf_rtl">
		<control type="label">
			<posx>415</posx>
			<posy>35</posy>
			<width>100</width>
			<height>20</height>
			<font>font-30</font>
			<textcolor>grey_b</textcolor>
			<selectedcolor>grey_b</selectedcolor>
			<align>right</align>
			<aligny>center</aligny>
			<label>.$INFO[ListItem.ChannelNumberLabel]</label>
			<visible>IntegerGreaterThan(ListItem.ChannelNumberLabel,9)</visible>
		</control>
		<control type="label">
			<posx>415</posx>
			<posy>35</posy>
			<width>100</width>
			<height>20</height>
			<font>font-30</font>
			<textcolor>grey_b</textcolor>
			<selectedcolor>grey_b</selectedcolor>
			<align>right</align>
			<aligny>center</aligny>
			<label>.0$INFO[ListItem.ChannelNumberLabel]</label>
			<visible>!IntegerGreaterThan(ListItem.ChannelNumberLabel,9)</visible>
		</control>
	</include>

	<!-- LTR - Episode Numbers -->
	<include name="episode_num_nf_ltr">
		<control type="label">
			<posx>20</posx>
			<posy>25</posy>
			<width>100</width>
			<height>20</height>
			<font>font-30</font>
			<textcolor>grey_b</textcolor>
			<selectedcolor>grey_b</selectedcolor>
			<align>left</align>
			<aligny>center</aligny>
			<label>$INFO[ListItem.Episode]$INFO[ListItem.TrackNumber].</label>
			<visible>IntegerGreaterThan(ListItem.Episode,9) | IntegerGreaterThan(ListItem.TrackNumber,9) | SubString(ListItem.Episode,S)</visible>
			<visible>[Container.Content(Episodes) + !IsEmpty(ListItem.Episode) + !IsEmpty(ListItem.TVShowTitle)] | [Container.Content(songs) + !IsEmpty(ListItem.TrackNumber)]</visible>
		</control>
		<control type="label">
			<posx>20</posx>
			<posy>25</posy>
			<width>100</width>
			<height>20</height>
			<font>font-30</font>
			<textcolor>grey_b</textcolor>
			<selectedcolor>grey_b</selectedcolor>
			<align>left</align>
			<aligny>center</aligny>
			<label>0$INFO[ListItem.Episode]$INFO[ListItem.TrackNumber].</label>
			<visible>!IntegerGreaterThan(ListItem.Episode,9) + !IntegerGreaterThan(ListItem.TrackNumber,9) + !SubString(ListItem.Episode,S)</visible>
			<visible>[Container.Content(Episodes) + !IsEmpty(ListItem.Episode) + !IsEmpty(ListItem.TVShowTitle)] | [Container.Content(songs) + !IsEmpty(ListItem.TrackNumber)]</visible>
		</control>
	</include>

	<include name="episode_num_f_ltr">
		<control type="label">
			<posx>20</posx>
			<posy>25</posy>
			<width>100</width>
			<height>20</height>
			<font>font-30</font>
			<textcolor>$VAR[list_color]</textcolor>
			<selectedcolor>$VAR[list_color]</selectedcolor>
			<align>left</align>
			<aligny>center</aligny>
			<label>$INFO[ListItem.Episode]$INFO[ListItem.TrackNumber].</label>
			<visible>IntegerGreaterThan(ListItem.Episode,9) | IntegerGreaterThan(ListItem.TrackNumber,9) | SubString(ListItem.Episode,S)</visible>
			<visible>[Container.Content(Episodes) + !IsEmpty(ListItem.Episode) + !IsEmpty(ListItem.TVShowTitle)] | [Container.Content(songs) + !IsEmpty(ListItem.TrackNumber)]</visible>
		</control>
		<control type="label">
			<posx>20</posx>
			<posy>25</posy>
			<width>100</width>
			<height>20</height>
			<font>font-30</font>
			<textcolor>$VAR[list_color]</textcolor>
			<selectedcolor>$VAR[list_color]</selectedcolor>
			<align>left</align>
			<aligny>center</aligny>
			<label>0$INFO[ListItem.Episode]$INFO[ListItem.TrackNumber].</label>
			<visible>!IntegerGreaterThan(ListItem.Episode,9) + !IntegerGreaterThan(ListItem.TrackNumber,9) + !SubString(ListItem.Episode,S)</visible>
			<visible>[Container.Content(Episodes) + !IsEmpty(ListItem.Episode) + !IsEmpty(ListItem.TVShowTitle)] | [Container.Content(songs) + !IsEmpty(ListItem.TrackNumber)]</visible>
		</control>
	</include>

	<!-- LTR - PVR Channel Numbers -->
	<include name="channel_num_f_ltr">
		<control type="label">
			<posx>20</posx>
			<posy>35</posy>
			<width>100</width>
			<height>20</height>
			<font>font-30</font>
			<textcolor>$VAR[list_color]</textcolor>
			<selectedcolor>$VAR[list_color]</selectedcolor>
			<align>left</align>
			<aligny>center</aligny>
			<label>$INFO[ListItem.ChannelNumberLabel].</label>
			<visible>IntegerGreaterThan(ListItem.ChannelNumberLabel,9)</visible>
		</control>
		<control type="label">
			<posx>20</posx>
			<posy>35</posy>
			<width>100</width>
			<height>20</height>
			<font>font-30</font>
			<textcolor>$VAR[list_color]</textcolor>
			<selectedcolor>$VAR[list_color]</selectedcolor>
			<align>left</align>
			<aligny>center</aligny>
			<label>0$INFO[ListItem.ChannelNumberLabel].</label>
			<visible>!IntegerGreaterThan(ListItem.ChannelNumberLabel,9)</visible>
		</control>
	</include>

	<include name="channel_num_nf_ltr">
		<control type="label">
			<posx>20</posx>
			<posy>35</posy>
			<width>100</width>
			<height>20</height>
			<font>font-30</font>
			<textcolor>grey_b</textcolor>
			<selectedcolor>grey_b</selectedcolor>
			<align>left</align>
			<aligny>center</aligny>
			<label>$INFO[ListItem.ChannelNumberLabel].</label>
			<visible>IntegerGreaterThan(ListItem.ChannelNumberLabel,9)</visible>
		</control>
		<control type="label">
			<posx>20</posx>
			<posy>35</posy>
			<width>100</width>
			<height>20</height>
			<font>font-30</font>
			<textcolor>grey_b</textcolor>
			<selectedcolor>grey_b</selectedcolor>
			<align>left</align>
			<aligny>center</aligny>
			<label>0$INFO[ListItem.ChannelNumberLabel].</label>
			<visible>!IntegerGreaterThan(ListItem.ChannelNumberLabel,9)</visible>
		</control>
	</include>
	
	<variable name="fanart_sublabel">
		<value condition="Container.Content(addons)">$INFO[ListItem.Property(Addon.Creator),, • ]$INFO[ListItem.Property(Addon.Version)]</value>
		<value condition="Container.Content(albums)">$INFO[ListItem.Year]</value>
		<value condition="Container.Content(songs)"></value>
		<value condition="Container.Content(musicvideos)">$INFO[ListItem.Year]$INFO[ListItem.Artist, • ]</value>
		<value condition="Container.Content(movies) + !IsEmpty(ListItem.Title)">$INFO[ListItem.Year]$INFO[ListItem.Rating, • ]$INFO[ListItem.Duration, • , $LOCALIZE[12391]]$INFO[ListItem.Genre, • ]</value>
		<value condition="Container.Content(tvshows) + !IsEmpty(ListItem.Property(TotalSeasons))">$INFO[ListItem.Property(TotalSeasons)] $LOCALIZE[33054], $INFO[ListItem.Property(TotalEpisodes)] $LOCALIZE[20360]</value>
		<value condition="Container.Content(seasons) + !IsEmpty(ListItem.Property(TotalEpisodes))">$INFO[ListItem.Property(TotalEpisodes)] $LOCALIZE[20360]</value>
		<value condition="Container.Content(episodes) + !IsEmpty(ListItem.Premiered)"></value>
		<value condition="Window.IsActive(MyPVRChannels.xml)">$INFO[ListItem.Title]$INFO[ListItem.Duration, • , $LOCALIZE[12391]]</value>
	</variable>
</includes>
