<?xml version="1.0" encoding="UTF-8" standalone="yes"?>
<addon id="special.ike" name="Ike.Build Special" version="1.0.0" provider-name="Ike">
  <requires>
    <import addon="xbmc.python" version="2.1.0"/>
  </requires>
  <extension point="xbmc.python.pluginsource" library="default.py">
        <provides>video executable</provides>
  </extension>
  <extension point="xbmc.addon.metadata">
    <summary lang="en">special.ike</summary>
    <description lang="en">Ike.Special.Build</description>
    <platform>all</platform>
  </extension>
</addon>
