<?xml version="1.0" encoding="UTF-8"?>
<includes>
	<include file="IncludesVideoLyrics.xml" />
	<include file="defaults.xml" />
	<include file="Includes_CommonValues.xml" />
	<include file="Includes_Animations.xml" />
	<include file="Includes_Home.xml" />
	<include file="Includes_LiveBG.xml" />
	<include file="Includes_LiveTV.xml" />
	<include file="Includes_LiveTV_Views.xml" />
	<include file="Includes_Backgrounds.xml" />
	<include file="Includes_Widgets.xml" />
	<include file="Includes_16x9.xml" condition="!String.IsEqual(Skin.AspectRatio,21:9)" />
	<include file="Includes_21x9.xml" condition="String.IsEqual(Skin.AspectRatio,21:9)" />
	<include file="View_50_List.xml" />
	<include file="View_51_InfoWall.xml" />
	<include file="View_52_Landscape.xml" condition="!String.IsEqual(Skin.AspectRatio,21:9)" />
	<include file="View_53_ShowCase.xml" condition="!String.IsEqual(Skin.AspectRatio,21:9)" />
	<include file="View_54_ShowCase.xml" condition="!String.IsEqual(Skin.AspectRatio,21:9)" />
	<include file="View_52_Landscape_21x9.xml" condition="String.IsEqual(Skin.AspectRatio,21:9)" />
	<include file="View_53_ShowCase_21x9.xml" condition="String.IsEqual(Skin.AspectRatio,21:9)" />
	<include file="View_54_ShowCase_21x9.xml" condition="String.IsEqual(Skin.AspectRatio,21:9)" />
	<include file="View_55_TriPanel.xml" />
	<include file="View_56_Posters.xml" />
	<include file="View_57_Shift.xml" />
	<include file="View_58_BannerWall.xml" />
	<include file="View_59_Logo.xml" />
	<include file="View_500_Wall.xml" />
	<include file="View_501_LowList.xml" />
	<include file="View_502_Episode.xml" />
	<include file="View_503_Wall.xml" />
	<include file="View_510_BigList.xml" />
	<include file="variables.xml" />
	<include file="script-skinshortcuts-includes.xml" />
	<constant name="FanartCrossfadeTime">500</constant>
	<constant name="IconCrossfadeTime">400</constant>
	<constant name="MaxDepth">0.30</constant>
	<constant name="MinDepth">-0.80</constant>
	<variable name="BannerThumb">
		<value condition="!String.IsEmpty(ListItem.Art(banner))">$INFO[ListItem.Art(banner)]</value>
		<value>$INFO[ListItem.Icon]</value>
	</variable>
	<variable name="PosterThumb">
		<value condition="!String.IsEmpty(ListItem.Art(poster))">$INFO[ListItem.Art(poster)]</value>
		<value>$INFO[ListItem.Icon]</value>
	</variable>
	<!-- Media Menu -->
	<include name="SideBladeLeft">
		<animation effect="slide" start="440,0" end="0,0" time="400" tween="quadratic" easing="out" condition="String.IsEmpty(Window(home).Property(MediaMenu))">Conditional</animation>
		<animation effect="slide" start="0,0" end="-440,0" time="400" tween="quadratic" easing="out">WindowClose</animation>
		<!-- <top>44</top> -->
		<control type="image">
			<width>432</width>
			<height>1080</height>
			<texture border="40">mediamenu_back.png</texture>
		</control>
		<control type="button" id="9051">
			<include>HiddenObject</include>
			<onfocus condition="String.IsEmpty(Window(Home).Property(MediaMenu))">SetProperty(MediaMenu,True,home)</onfocus>
			<onfocus condition="String.IsEmpty(Window(Home).Property(MediaMenu))">SetFocus(9050)</onfocus>
			<onfocus condition="!String.IsEmpty(Window(Home).Property(MediaMenu))">ClearProperty(MediaMenu,Home)</onfocus>
			<onfocus condition="!String.IsEmpty(Window(Home).Property(MediaMenu))">SetFocus(50)</onfocus>
		</control>
		<control type="button" id="8999">
			<description>Close Window button</description>
			<left>350</left>
			<width>64</width>
			<height>48</height>
			<label></label>
			<font>CloseButton</font>
			<textcolor>grey</textcolor>
			<focusedcolor>themecolor</focusedcolor>
			<onclick>ClearProperty(MediaMenu,Home)</onclick>
			<onclick>SetFocus(50)</onclick>
			<texturefocus />
			<texturenofocus />
			<visible>system.getbool(input.enablemouse)</visible>
		</control>
		<control type="image">
			<description>LOGO</description>
			<width>400</width>
			<height>120</height>
			<aspectratio>keep</aspectratio>
			<texture>aeon-nox-logo.png</texture>
		</control>
	</include>
	<include name="KioskModeButton">
		<control type="button">
			<description>Kiosk Mode button</description>
			<include>ButtonCommonValues</include>
			<label />
			<onfocus>ClearProperty(MediaMenu,Home)</onfocus>
			<onfocus>SetFocus(50)</onfocus>
		</control>
	</include>
	<include name="MediaMenuTop">
		<top>100</top>
		<width>400</width>
		<height>1080</height>
		<onleft>9050</onleft>
		<onright>ClearProperty(MediaMenu,Home)</onright>
		<onright>50</onright>
		<onup>9050</onup>
		<ondown>9050</ondown>
		<onback>ClearProperty(MediaMenu,Home)</onback>
		<onback>50</onback>
		<include condition="Skin.HasSetting(KioskMode.Enabled)">KioskModeButton</include>
		<animation effect="fade" start="100" end="0" time="200" condition="Window.IsVisible(1129)" reversible="true">conditional</animation>
		<control type="button" id="200">
			<label>31006</label>
			<textwidth>352</textwidth>
			<font>font13_title</font>
			<include>ButtonCommonValues</include>
			<enable>no</enable>
			<disabledcolor>themecolor</disabledcolor>
		</control>
		<control type="button" id="2000">
			<description>View As button</description>
			<textwidth>352</textwidth>
			<include>ButtonCommonValues</include>
			<label>$INFO[Container.Viewmode,$LOCALIZE[31100] ]</label>
			<onclick>ActivateWindow(1129)</onclick>
		</control>
		<control type="button" id="3">
			<description>Sort by button</description>
			<include>ButtonCommonValues</include>
			<label>103</label>
		</control>
		<control type="togglebutton" id="4">
			<description>Sort asc</description>
			<include>ButtonCommonValues</include>
			<label>31051</label>
			<altlabel>31050</altlabel>
			<usealttexture>Container.SortDirection(Ascending)</usealttexture>
		</control>
		<control type="button" id="2001">
			<include>ButtonCommonValues</include>
			<label>$LOCALIZE[19190]</label>
			<onclick>ActivateWindow(1128)</onclick>
		</control>
	</include>
	<include name="PVRMediaMenu">
		<control type="group">
			<left>-440</left>
			<include>SideBladeLeft</include>
			<control type="grouplist" id="9050">
				<top>100</top>
				<width>400</width>
				<height>1080</height>
				<onleft>9050</onleft>
				<onright>ClearProperty(MediaMenu,Home)</onright>
				<onright condition="!Window.IsVisible(tvguide)">50</onright>
				<onright condition="Window.IsVisible(tvguide)">10</onright>
				<onup>9050</onup>
				<ondown>9050</ondown>
				<onback>ClearProperty(MediaMenu,Home)</onback>
				<onback>50</onback>
				<include condition="Skin.HasSetting(KioskMode.Enabled)">KioskModeButton</include>
				<animation effect="fade" start="100" end="0" time="200" condition="Window.IsVisible(1129)" reversible="true">conditional</animation>
				<control type="label" id="200">
					<width>400</width>
					<height>52</height>
					<textoffsetx>15</textoffsetx>
					<font>font13_title</font>
					<label>31006</label>
					<textcolor>themecolor</textcolor>
				</control>
				<control type="button" id="28">
					<description>Channel Groups</description>
					<textwidth>255</textwidth>
					<include>ButtonCommonValues</include>
					<label />
					<visible>Window.IsActive(MyPVRChannels.xml) | Window.IsActive(MyPVRGuide.xml)</visible>
				</control>
				<control type="button" id="2">
					<description>View As button</description>
					<textwidth>352</textwidth>
					<include>ButtonCommonValues</include>
				</control>
				<control type="button" id="3">
					<description>Sort by button</description>
					<include>ButtonCommonValues</include>
					<label>103</label>
				</control>
				<control type="togglebutton" id="4">
					<description>Sort asc</description>
					<include>ButtonCommonValues</include>
					<label>31051</label>
					<altlabel>31050</altlabel>
					<usealttexture>Container.SortDirection(Ascending)</usealttexture>
				</control>
				<control type="radiobutton" id="5">
					<description>Group items by folder structure</description>
					<include>ButtonCommonValues</include>
					<label>19270</label>
					<visible>Window.IsActive(MyPVRRecordings.xml)</visible>
				</control>
				<control type="radiobutton" id="7">
					<description>Show deleted recordings</description>
					<include>ButtonCommonValues</include>
					<label>19184</label>
					<visible>Window.IsActive(MyPVRRecordings.xml)</visible>
				</control>
				<control type="radiobutton" id="8">
					<description>Hide disabled timers</description>
					<include>ButtonCommonValues</include>
					<label>19077</label>
					<visible>Window.IsActive(MyPVRTimers.xml)</visible>
				</control>
				<control type="button" id="2001">
					<include>ButtonCommonValues</include>
					<label>$LOCALIZE[19190]</label>
					<onclick>ActivateWindow(1128)</onclick>
				</control>
				<control type="button" id="203">
					<description>Actions</description>
					<textwidth>352</textwidth>
					<font>font13_title</font>
					<include>ButtonCommonValues</include>
					<label>31039</label>
					<enable>no</enable>
					<disabledcolor>themecolor</disabledcolor>
				</control>
				<control type="button" id="100">
					<description>Channels</description>
					<label>19019</label>
					<textwidth>352</textwidth>
					<include>ButtonCommonValues</include>
					<onclick condition="String.IsEmpty(Window.Property(IsRadio))">ActivateWindow(TVChannels)</onclick>
					<onclick condition="!String.IsEmpty(Window.Property(IsRadio))">ActivateWindow(RadioChannels)</onclick>
					<visible>!Window.IsActive(MyPVRChannels.xml)</visible>
				</control>
				<control type="button" id="101">
					<description>Guide</description>
					<label>22020</label>
					<textwidth>352</textwidth>
					<include>ButtonCommonValues</include>
					<onclick condition="String.IsEmpty(Window.Property(IsRadio))">ActivateWindow(TVGuide)</onclick>
					<onclick condition="!String.IsEmpty(Window.Property(IsRadio))">ActivateWindow(RadioGuide)</onclick>
					<visible>!Window.IsActive(MyPVRGuide.xml)</visible>
				</control>
				<control type="button" id="102">
					<description>Recordings</description>
					<label>19163</label>
					<textwidth>352</textwidth>
					<include>ButtonCommonValues</include>
					<onclick condition="String.IsEmpty(Window.Property(IsRadio))">ActivateWindow(TVRecordings)</onclick>
					<onclick condition="!String.IsEmpty(Window.Property(IsRadio))">ActivateWindow(RadioRecordings)</onclick>
					<visible>!Window.IsActive(MyPVRRecordings.xml)</visible>
				</control>
				<control type="button" id="103">
					<description>Timers</description>
					<label>19040</label>
					<textwidth>352</textwidth>
					<include>ButtonCommonValues</include>
					<onclick condition="String.IsEmpty(Window.Property(IsRadio))">ActivateWindow(TVTimers)</onclick>
					<onclick condition="!String.IsEmpty(Window.Property(IsRadio))">ActivateWindow(RadioTimers)</onclick>
					<visible>!Window.IsActive(MyPVRTimers.xml)</visible>
				</control>
				<control type="button" id="104">
					<description>Search</description>
					<label>137</label>
					<textwidth>352</textwidth>
					<include>ButtonCommonValues</include>
					<onclick condition="String.IsEmpty(Window.Property(IsRadio))">ActivateWindow(TVSearch)</onclick>
					<onclick condition="!String.IsEmpty(Window.Property(IsRadio))">ActivateWindow(RadioSearch)</onclick>
				</control>
				<control type="button" id="616">
					<description>Go to playercontrols</description>
					<include>ButtonCommonValues</include>
					<label>$LOCALIZE[31177]</label>
					<onclick condition="Player.HasAudio">ActivateWindow(playercontrols)</onclick>
					<onclick condition="Player.HasVideo">Fullscreen</onclick>
					<onclick condition="Player.HasVideo">ActivateWindow(videoosd)</onclick>
					<onclick>ClearProperty(MediaMenu,Home)</onclick>
					<visible>Player.HasMedia</visible>
				</control>
				<control type="button" id="201">
					<description>View options</description>
					<textwidth>352</textwidth>
					<font>font13_title</font>
					<include>ButtonCommonValues</include>
					<label>31026</label>
					<enable>no</enable>
					<disabledcolor>themecolor</disabledcolor>
				</control>
				<control type="button" id="330">
					<description>Settings</description>
					<textwidth>352</textwidth>
					<include>ButtonCommonValues</include>
					<label>$LOCALIZE[31127]</label>
					<onclick>ActivateWindow(1150)</onclick>
				</control>
			</control>
		</control>
	</include>
	<include name="NoMediaMenu">
		<top>100</top>
		<width>400</width>
		<height>1080</height>
		<onleft>9050</onleft>
		<onright>ClearProperty(MediaMenu,Home)</onright>
		<onright condition="!Window.IsActive(SettingsCategory.xml)">50</onright>
		<onright condition="Window.IsActive(SettingsCategory.xml)">3</onright>
		<onup>9050</onup>
		<ondown>9050</ondown>
		<onback>ClearProperty(MediaMenu,Home)</onback>
		<onback>50</onback>
		<include condition="Skin.HasSetting(KioskMode.Enabled)">KioskModeButton</include>
		<animation effect="fade" start="100" end="0" time="200" condition="Window.IsVisible(1129)" reversible="true">conditional</animation>
		<control type="label" id="200">
			<width>400</width>
			<height>52</height>
			<textoffsetx>15</textoffsetx>
			<font>font13_title</font>
			<label>31006</label>
			<textcolor>themecolor</textcolor>
		</control>
		<control type="button" id="2001">
			<include>ButtonCommonValues</include>
			<label>$LOCALIZE[19190]</label>
			<onclick>ActivateWindow(1128)</onclick>
		</control>
		<control type="button" id="203">
			<description>Settings level</description>
			<textwidth>352</textwidth>
			<font>font13_title</font>
			<include>ButtonCommonValues</include>
			<label>$LOCALIZE[31142]</label>
			<enable>no</enable>
			<disabledcolor>themecolor</disabledcolor>
			<visible>Window.IsActive(SettingsCategory.xml)</visible>
		</control>
		<control type="button" id="20">
			<description>Change settings level</description>
			<label>19019</label>
			<textwidth>352</textwidth>
			<include>ButtonCommonValues</include>
			<onclick>SettingsLevelChange</onclick>
			<visible>Window.IsActive(SettingsCategory.xml)</visible>
		</control>
		<control type="button" id="203">
			<description>Actions</description>
			<textwidth>352</textwidth>
			<font>font13_title</font>
			<include>ButtonCommonValues</include>
			<label>31039</label>
			<enable>no</enable>
			<disabledcolor>themecolor</disabledcolor>
			<visible>Player.HasMedia</visible>
		</control>
		<control type="button" id="616">
			<description>Go to playercontrols</description>
			<include>ButtonCommonValues</include>
			<label>$LOCALIZE[31177]</label>
			<onclick condition="Player.HasAudio">ClearProperty(MediaMenu,Home)</onclick>
			<onclick condition="Player.HasAudio">SetFocus(50)</onclick>
			<onclick condition="Player.HasAudio">ActivateWindow(playercontrols)</onclick>
			<onclick condition="Player.HasVideo">Fullscreen</onclick>
			<onclick condition="Player.HasVideo">ActivateWindow(videoosd)</onclick>
			<onclick>ClearProperty(MediaMenu,Home)</onclick>
			<visible>Player.HasMedia</visible>
		</control>
	</include>
	<!-- Scroll Label -->
	<include name="ScrollOffsetLabel">
		<control type="group">
			<visible>!Control.HasFocus(615)</visible>
			<visible>Container.Scrolling + [String.IsEqual(Container.SortMethod,$LOCALIZE[551]) | String.IsEqual(Container.SortMethod,$LOCALIZE[561]) | String.IsEqual(Container.SortMethod,$LOCALIZE[558]) | String.IsEqual(Container.SortMethod,$LOCALIZE[557]) | String.IsEqual(Container.SortMethod,$LOCALIZE[556])]</visible>
			<animation effect="slide" tween="cubic" easing="inout" time="400" start="160" end="0">VisibleChange</animation>
			<right>-34</right>
			<top>36</top>
			<width>160</width>
			<control type="image">
				<width>160</width>
				<height>160</height>
				<texture border="35">listpanel_back.png</texture>
			</control>
			<control type="label">
				<top>15</top>
				<width>160</width>
				<height>120</height>
				<align>center</align>
				<label>$INFO[ListItem.SortLetter]</label>
				<textcolor>white</textcolor>
				<font>font_MainMenu</font>
			</control>
		</control>
	</include>
	<!-- Navigation Bar -->
	<include name="Topbar">
		<control type="group">
			<animation effect="slide" start="0,0" end="0,-90" time="800" tween="cubic" condition="Control.IsVisible(503) + System.IdleTime(2)">Conditional</animation>
			<animation effect="slide" start="0,-90" end="0,0" delay="800" time="480" condition="Window.Previous(home)">WindowOpen</animation>
			<animation effect="slide" end="0,-90" start="0,0" time="480" condition="Window.Next(home)">WindowClose</animation>
			<width>100%</width>
			<control type="image">
				<width>100%</width>
				<height>66</height>
				<texture border="1">topbar.png</texture>
			</control>
			<control type="label">
				<width>45%</width>
				<height>90</height>
				<font>font13_title</font>
				<textoffsetx>15</textoffsetx>
				<textcolor>grey2</textcolor>
				<aligny>top</aligny>
				<textoffsety>-2</textoffsety>
				<label>$VAR[BreadcrumbsVar]</label>
			</control>
			<control type="label">
				<visible>!Window.IsActive(script-globalsearch-main.xml)</visible>
				<right>0</right>
				<width>900</width>
				<height>90</height>
				<font>font13_title</font>
				<textoffsetx>15</textoffsetx>
				<textcolor>grey2</textcolor>
				<align>right</align>
				<aligny>top</aligny>
				<textoffsety>-2</textoffsety>
				<label>$INFO[Container.NumItems,, $LOCALIZE[31025]]$INFO[Container.CurrentPage,[COLOR grey3] | ,]$INFO[Container.NumPages,/,[/COLOR]]</label>
			</control>
			<control type="label">
				<width>100%</width>
				<height>90</height>
				<font>font13_title</font>
				<textoffsetx>15</textoffsetx>
				<textcolor>grey2</textcolor>
				<align>center</align>
				<aligny>top</aligny>
				<textoffsety>-2</textoffsety>
				<label>$INFO[System.Time]</label>
			</control>
			<control type="button" id="90022">
				<label />
				<left>-30</left>
				<onclick condition="String.IsEmpty(Window(home).Property(MediaMenu))">SetProperty(MediaMenu,True,home)</onclick>
				<onclick condition="!String.IsEmpty(Window(home).Property(MediaMenu))">ClearProperty(MediaMenu,Home)</onclick>
				<texturenofocus>mediamenu_indicator.png</texturenofocus>
				<texturefocus>mediamenu_indicator.png</texturefocus>
				<height>32</height>
				<include>ButtonTopbarCommonvalues</include>
				<visible>!String.IsEmpty(Window(home).Property(Window.HasSettings))</visible>
			</control>
			<control type="group">
				<visible>Player.HasMedia + ![Window.IsActive(volumebar)]</visible>
				<animation effect="slide" start="0,-60" end="0,0" time="200">Visible</animation>
				<animation effect="slide" start="0,0" end="0,-60" time="200">Hidden</animation>
				<right>340</right>
				<width>500</width>
				<control type="progress">
					<width>500</width>
					<height>37</height>
					<texturebg border="2">osd/texturebg.png</texturebg>
					<lefttexture />
					<midtexture border="2">osd/midtexture_cache.png</midtexture>
					<righttexture />
					<overlaytexture />
					<info>Player.ProgressCache</info>
				</control>
				<control type="progress">
					<width>500</width>
					<height>35</height>
					<texturebg border="1">osd/texturebg_cache.png</texturebg>
					<lefttexture />
					<midtexture border="2">osd/midtexture.png</midtexture>
					<righttexture />
					<overlaytexture />
					<info>Player.Progress</info>
				</control>
				<control type="fadelabel">
					<top>-2</top>
					<width>500</width>
					<height>20</height>
					<font>font13_title</font>
					<textoffsetx>10</textoffsetx>
					<textcolor>grey</textcolor>
					<shadowcolor>shadow</shadowcolor>
					<scroll>true</scroll>
					<scrollspeed>20</scrollspeed>
					<scrollout>false</scrollout>
					<pauseatend>10000</pauseatend>
					<label>$INFO[Player.Title]</label>
					<label>$INFO[MusicPlayer.Artist]</label>
					<visible>Player.HasAudio</visible>
				</control>
				<control type="label">
					<width>500</width>
					<height>90</height>
					<font>font13_title</font>
					<textoffsetx>10</textoffsetx>
					<textcolor>grey</textcolor>
					<shadowcolor>shadow</shadowcolor>
					<aligny>top</aligny>
					<textoffsety>-2</textoffsety>
					<scroll>true</scroll>
					<label>$INFO[Player.Title]</label>
					<visible>Player.HasVideo</visible>
				</control>
			</control>
		</control>
	</include>
	<!-- Context menu -->
	<include name="AdvancedLauncherTrailerButton">
		<control type="button" id="994">
			<label>$LOCALIZE[20410]</label>
			<width>450</width>
			<height>60</height>
			<font>font14</font>
			<textoffsetx>15</textoffsetx>
			<texturefocus border="5">button_middle_focus.png</texturefocus>
			<texturenofocus border="5">button_middle3.png</texturenofocus>
			<onclick>PlayMedia($ESCINFO[ListItem.Trailer])</onclick>
			<visible>!String.IsEmpty(ListItem.Trailer)</visible>
		</control>
	</include>
	<!-- System windows -->
	<include name="SystemLeftPanel">
		<control type="image">
			<left>50</left>
			<top>874</top>
			<width>420</width>
			<height>904</height>
			<texture border="40">panel_reflect.png</texture>
		</control>
		<control type="image">
			<left>50</left>
			<width>420</width>
			<height>904</height>
			<texture border="40">listpanel_back.png</texture>
		</control>
	</include>
	<include name="SystemRightPanel">
		<control type="image">
			<left>490</left>
			<top>874</top>
			<width>1380</width>
			<height>904</height>
			<texture border="40">panel_reflect.png</texture>
		</control>
		<control type="image">
			<left>490</left>
			<width>1380</width>
			<height>904</height>
			<texture border="40">listpanel_back.png</texture>
		</control>
	</include>
	<!-- Extras -->
	<include name="PlayListStatsList">
		<control type="list" id="43260">
			<visible>String.IsEqual(Container(9000).ListItem.Property(InfoLine),9) | String.IsEqual(Container(9000).ListItem.Property(InfoLine),10) | String.IsEqual(Container(9000).ListItem.Property(InfoLine),11)</visible>
			<visible>!ControlGroup(9004).HasFocus()</visible>
			<posx>0</posx>
			<posy>0</posy>
			<width>1</width>
			<height>1</height>
			<focusedlayout/>
			<itemlayout/>
			<content>$VAR[PlaylistStatsContentVar]</content>
		</control>
	</include>
	<include name="HomeSearchButton">
		<control type="button" id="9027">
			<label></label>
			<textoffsetx>0</textoffsetx>
			<width>50</width>
			<height>41</height>
			<align>center</align>
			<font>IconTiny</font>
			<textcolor>grey</textcolor>
			<shadowcolor>shadow</shadowcolor>
			<onclick>RunAddon(script.globalsearch)</onclick>
			<animation type="Visible">
				<effect type="fade" start="0" end="100" tween="sine" easing="inout" time="300" />
				<effect type="zoom" start="50" end="100" center="auto" tween="sine" easing="inout" time="300" />
			</animation>
			<animation type="Hidden">
				<effect type="fade" start="100" end="0" tween="sine" easing="inout" time="300" />
				<effect type="zoom" start="100" end="50" center="auto" tween="sine" easing="inout" time="300" />
			</animation>
		</control>
	</include>
	<include name="ExtendedInfoAutoComplete">
		<control type="group">
			<animation effect="fade" start="100" end="0" time="300" condition="String.IsEmpty(Container(5000).ListItem.Label)">conditional</animation>
			<visible>!System.HasHiddenInput</visible>
			<control type="image">
				<description>background image</description>
				<top>540</top>
				<width>1340</width>
				<height>220</height>
				<texture border="40">dialogs/default/bg.png</texture>
			</control>
			<control type="image">
				<left>30</left>
				<top>572</top>
				<width>1280</width>
				<height>161</height>
				<texture border="5">dialogs/default/inner.png</texture>
			</control>
			<control type="panel" id="5000">
				<left>30</left>
				<top>572</top>
				<width>1280</width>
				<height>160</height>
				<onleft>5000</onleft>
				<onright>5000</onright>
				<onup>4000</onup>
				<ondown>4000</ondown>
				<onback>noop</onback>
				<orientation>vertical</orientation>
				<scrolltime tween="quadratic" easing="out">200</scrolltime>
				<itemlayout height="80" width="320">
					<control type="image">
						<width>320</width>
						<height>80</height>
						<texture border="4">thumbs/panel_border.png</texture>
					</control>
					<control type="label">
						<width>320</width>
						<height>80</height>
						<align>center</align>
						<textcolor>grey2</textcolor>
						<font>font15</font>
						<label>$INFO[ListItem.Label]</label>
					</control>
				</itemlayout>
				<focusedlayout height="80" width="320">
					<control type="image">
						<width>320</width>
						<height>80</height>
						<texture border="4">thumbs/panel_border.png</texture>
						<visible>!Control.HasFocus(5000)</visible>
					</control>
					<control type="image">
						<width>320</width>
						<height>80</height>
						<texture border="4">button_middle_focus.png</texture>
						<visible>Control.HasFocus(5000)</visible>
					</control>
					<control type="label">
						<width>320</width>
						<height>80</height>
						<align>center</align>
						<font>font15</font>
						<label>$INFO[ListItem.Label]</label>
					</control>
				</focusedlayout>
				<content>plugin://plugin.program.autocompletion?info=autocomplete&amp;&amp;id=$INFO[Control.GetLabel(312).index(1)]&amp;&amp;limit=8</content>
			</control>
		</control>
	</include>
	<include name="ExtendedInfoListLayout">
		<param name="width">280</param>
		<param name="label">$INFO[ListItem.Label]</param>
		<param name="textboxLabel">false</param>
		<param name="textOverlay">true</param>
		<param name="fallbackIcon">DefaultVideoCover.png</param>
		<param name="overlayVisibility">true</param>
		<param name="includeContent">true</param>
		<definition>
			<control type="panel" id="$PARAM[controlId]">
				<right>0</right>
				<height>420</height>
				<preloaditems>2</preloaditems>
				<orientation>horizontal</orientation>
				<visible>$PARAM[listVisible]</visible>
				<scrolltime tween="quadratic" easing="out">300</scrolltime>
				<itemlayout height="420" width="$PARAM[width]">
					<control type="image">
						<width>$PARAM[width]</width>
						<height>420</height>
						<aspectratio aligny="top">scale</aspectratio>
						<texture background="true" fallback="$PARAM[fallbackIcon]">$INFO[ListItem.Icon]</texture>
						<bordertexture border="2">thumbs/panel_border3.png</bordertexture>
						<bordersize>2</bordersize>
					</control>
					<control type="image">
						<top>322</top>
						<width>$PARAM[width]</width>
						<height>98</height>
						<texture>black.png</texture>
						<colordiffuse>88ffffff</colordiffuse>
						<bordersize>2</bordersize>
						<visible>$PARAM[textOverlay]</visible>
					</control>
					<control type="image">
						<left>180</left>
						<width>100</width>
						<height>100</height>
						<texture>overlays/addons/enabled.png</texture>
						<bordersize>2</bordersize>
						<visible>$PARAM[overlayVisibility]</visible>
						<visible>!String.IsEmpty(ListItem.DBID) | !String.IsEmpty(ListItem.Property(DBID))</visible>
					</control>
					<control type="image">
						<width>$PARAM[width]</width>
						<height>420</height>
						<aspectratio>scale</aspectratio>
						<texture border="1" colordiffuse="44FFFFFF">black.png</texture>
						<bordersize>2</bordersize>
					</control>
					<control type="label">
						<top>325</top>
						<width>$PARAM[width]</width>
						<height>43</height>
						<align>center</align>
						<font>font14</font>
						<textoffsetx>10</textoffsetx>
						<shadowcolor>shadow</shadowcolor>
						<selectedcolor>selected</selectedcolor>
						<label>$PARAM[label]</label>
						<visible>!$PARAM[textboxLabel]</visible>
						<visible>$PARAM[textOverlay]</visible>
						<animation effect="fade" start="100" end="70" time="0" condition="true">Conditional</animation>
					</control>
					<control type="label">
						<top>368</top>
						<width>$PARAM[width]</width>
						<height>43</height>
						<align>center</align>
						<font>font14</font>
						<textoffsetx>10</textoffsetx>
						<shadowcolor>shadow</shadowcolor>
						<selectedcolor>selected</selectedcolor>
						<label>$PARAM[label2]</label>
						<visible>!$PARAM[textboxLabel]</visible>
						<visible>$PARAM[textOverlay]</visible>
						<animation effect="fade" start="100" end="70" time="0" condition="true">Conditional</animation>
					</control>
					<control type="textbox">
						<left>10</left>
						<top>325</top>
						<width>574</width>
						<height>86</height>
						<align>center</align>
						<font>font14</font>
						<shadowcolor>shadow</shadowcolor>
						<selectedcolor>selected</selectedcolor>
						<label>$PARAM[label]</label>
						<visible>$PARAM[textboxLabel]</visible>
						<visible>$PARAM[textOverlay]</visible>
						<animation effect="fade" start="100" end="70" time="0" condition="true">Conditional</animation>
					</control>
				</itemlayout>
				<focusedlayout height="420" width="$PARAM[width]">
					<control type="image">
						<width>$PARAM[width]</width>
						<height>420</height>
						<aspectratio aligny="top">scale</aspectratio>
						<texture background="true" fallback="$PARAM[fallbackIcon]">$INFO[ListItem.Icon]</texture>
						<bordertexture border="2">thumbs/panel_border3.png</bordertexture>
						<bordersize>2</bordersize>
					</control>
					<control type="image">
						<top>322</top>
						<width>$PARAM[width]</width>
						<height>98</height>
						<texture>black.png</texture>
						<colordiffuse>88ffffff</colordiffuse>
						<bordersize>2</bordersize>
						<visible>$PARAM[textOverlay]</visible>
					</control>
					<control type="image">
						<left>180</left>
						<width>100</width>
						<height>100</height>
						<texture>overlays/addons/enabled.png</texture>
						<bordersize>2</bordersize>
						<visible>$PARAM[overlayVisibility]</visible>
						<visible>!String.IsEmpty(ListItem.DBID) | !String.IsEmpty(ListItem.Property(DBID))</visible>
					</control>
					<control type="image">
						<width>$PARAM[width]</width>
						<height>420</height>
						<aspectratio>scale</aspectratio>
						<texture border="1" colordiffuse="44FFFFFF">black.png</texture>
						<bordersize>2</bordersize>
						<include>FocusFadeOutAnimation</include>
					</control>
					<control type="label">
						<top>325</top>
						<width>$PARAM[width]</width>
						<height>43</height>
						<align>center</align>
						<font>font14</font>
						<textoffsetx>10</textoffsetx>
						<selectedcolor>selected</selectedcolor>
						<shadowcolor>shadow</shadowcolor>
						<label>$PARAM[label]</label>
						<visible>!$PARAM[textboxLabel]</visible>
						<visible>$PARAM[textOverlay]</visible>
						<animation effect="fade" end="100" start="70" time="200" tween="sine" easing="inout">Focus</animation>
						<animation effect="fade" start="100" end="70" time="200" tween="sine" easing="inout">UnFocus</animation>
					</control>
					<control type="label">
						<top>368</top>
						<width>$PARAM[width]</width>
						<height>43</height>
						<align>center</align>
						<font>font14</font>
						<textoffsetx>10</textoffsetx>
						<selectedcolor>selected</selectedcolor>
						<shadowcolor>shadow</shadowcolor>
						<label>$PARAM[label2]</label>
						<visible>!$PARAM[textboxLabel]</visible>
						<visible>$PARAM[textOverlay]</visible>
						<animation effect="fade" end="100" start="70" time="200" tween="sine" easing="inout">Focus</animation>
						<animation effect="fade" start="100" end="70" time="200" tween="sine" easing="inout">UnFocus</animation>
					</control>
					<control type="textbox">
						<left>10</left>
						<top>325</top>
						<width>574</width>
						<height>86</height>
						<align>center</align>
						<font>font14</font>
						<selectedcolor>selected</selectedcolor>
						<shadowcolor>shadow</shadowcolor>
						<label>$INFO[ListItem.Label]</label>
						<visible>$PARAM[textboxLabel]</visible>
						<visible>$PARAM[textOverlay]</visible>
						<autoscroll time="3000" delay="100" repeat="5000">true</autoscroll>
						<animation effect="fade" end="100" start="70" time="200" tween="sine" easing="inout">Focus</animation>
						<animation effect="fade" start="100" end="70" time="200" tween="sine" easing="inout">UnFocus</animation>
					</control>
					<control type="image">
						<width>$PARAM[width]</width>
						<height>420</height>
						<texture border="10">thumbs/thumbnail_focused.png</texture>
						<include>FocusFadeInAnimation</include>
					</control>
				</focusedlayout>
				<include content="InfoListContent" condition="$PARAM[includeContent]">
					<param name="target">$PARAM[target]</param>
					<param name="content">$PARAM[content]</param>
				</include>
			</control>
		</definition>
	</include>
	<include name="InfoListContent">
		<param name="target">videos</param>
		<definition>
			<content target="$PARAM[target]">$PARAM[content]</content>
		</definition>
	</include>
</includes>
