﻿<?xml version="1.0" encoding="UTF-8" standalone="yes"?>
<addon id="Ricardo" name="[COLOR red][B]Ricardo.Repo[/B][/COLOR]" version="1.9" provider-name="[COLOR lime][B]IKE[/B][/COLOR]">
	<extension point="xbmc.addon.repository" name="Ricardo">
		<info compressed="false">https://raw.githubusercontent.com/Ikesantos/Ricardo/master/addons.xml</info>
		<checksum>https://raw.githubusercontent.com/Ikesantos/Ricardo/master/addons.xml.md5</checksum>
		<datadir zip="true">http://raw.github.com/Ikesantos/Ricardo/master/repo/</datadir>
	</extension>
	<extension point="xbmc.addon.metadata">
		<summary>[COLOR blue][B]Ricardo.Repo.Github[/B][/COLOR]</summary>
		<description>[COLOR red][B]Ricardo.Repo.Github[/B][/COLOR]</description>
		<disclaimer></disclaimer>
		<platform>all</platform>
	</extension>
</addon>