﻿<?xml version="1.0" encoding="UTF-8" standalone="yes"?>
<addon id="program.plexus"
       name="Plexus.Android"
       version="0.1.6.a"
       provider-name="enen92, TVAddons, RonnieHD">
  <requires>
    <import addon="xbmc.python" version="2.1.0"/>
    <import addon="script.module.requests" />
  </requires>
  <extension point="xbmc.python.pluginsource"
            library="default.py">
        <provides>executable</provides>
  </extension>
  
  <extension point="xbmc.addon.metadata">
    <summary>SopCast and AceStream for Kodi</summary>
    <description lang="en">Plexus - Any complex structure containing an intricate network of parts. Plexus brings native peer-to-peer support (AceStream and SopCast) for Kodi Entertainment Center for several platforms.[CR][CR]Documentation: (missing)</description>
    <description lang="pt">Plexus - Uma estrutura complexa constituída por uma rede de partes. O Plexus adiciona suporte peer-to-peer nativo (AceStream e Sopcast) ao Kodi Entertainment Center para várias plataformas.[CR][CR]Documentação: (em falta)</description>
    <description lang="es">Plexus - Una estructura compleja conteniendo una intrincada red de partes. Plexus añade soporte nativo peer-to-peer (AceStream y SopCast) al Centro de Entretenimiento Kodi para varias plataformas.[CR][CR]Documentacion: (falta)</description>
	<disclaimer lang="en">The author does not host nor distribute any of the content you may watch using this addon. The author has no part in the development of any included technologies. When seeking help in Kodi's forum please respect rules (http://kodi.wiki/view/Forum_rules).</disclaimer>
    <disclaimer lang="pt">Os autores não alojam nem distribuem nenhum do conteúdo que poderá ser reproduzido a partir deste addon. Os autores não têm qualquer parte no desenvolvimento de qualquer uma das tecnologias. Se procurar ajuda no fórum oficial do Kodi por favor respeite as regras do fórum (http://kodi.wiki/view/Forum_rules).</disclaimer>
   	<disclaimer lang="es">El autor no aloja ni distribuye cualquier contenido que ud. pudiera reproducir usando este addon. El autor no tiene participacion en el desarrollo de cualquier tecnologia incluida. Cuando requiera ayuda en el foro de Kodi por favor respete las reglas (http://kodi.wiki/view/Forum_rules).</disclaimer>
    <platform>all</platform>
  </extension>
</addon>
