<?xml version="1.0" encoding="UTF-8" standalone="yes"?>
<addon id="plugin.video.live.ike"
       name="[COLOR lime][B]IKE[/B][/COLOR]"
       version="2.7.5"
       provider-name="[COLOR red][B]IKE[/B][/COLOR]">
  <requires>
    <import addon="xbmc.python" version="2.1.0"/>
    <import addon="script.module.beautifulsoup" version="3.2.1"/>
    <import addon="script.module.simple.downloader" version="0.9.4"/>
    <import addon="script.module.beautifulsoup4" />
    <import addon="script.module.requests" />
    <import addon="script.module.httplib2" />
    <import addon="script.module.liveresolver" version="0.1.24" optional="true"/>
    <import addon="script.module.youtube.dl" optional="true"/>
    <import addon="plugin.video.youtube" optional="true" />
    <import addon="script.module.urlresolver" optional="true"/>
    <import addon="script.module.simplejson" />    
     <import addon="script.module.livestreamer" optional="true"/>
     <import addon="script.module.pyamf" optional="true"/>
  </requires>
  <extension point="xbmc.python.pluginsource" library="default.py">
    <provides>video</provides>
  </extension>
  
     <extension point="xbmc.addon.repository" name="repository.ike">
		<info compressed="false">http://raw.github.com/Ikesantos/repository.ike/master/addons.xml</info>
		<checksum>http://raw.github.com/Ikesantos/repository.ike/master/addons.xml.md5</checksum>
		<datadir zip="true">http://raw.github.com/Ikesantos/repository.ike/master/repo/</datadir>
	</extension>

  <extension point="xbmc.addon.metadata">
    <summary>[COLOR orange][B]Ike Addon- Addon Gratis e sem Donativos[/B][/COLOR]</summary>
    <description>
        [COLOR cyan][B]Addon Ike : Todos os links disponibilizados no Addon estao disponiveis 
em procura livre na internet..
Grupo do Facebook ;https://www.facebook.com/groups/1558201737811754/?ref=group_cover
Canal do Youtube ;https://www.youtube.com/channel/UCBwpwTi1InHtUSnPJkP93mw
 Enjoy !![/B][/COLOR]
     
        
    </description>
    <platform>all</platform>
  </extension>
</addon>
