<?xml version="1.0" encoding="UTF-8" standalone="yes"?>
<addon id="plugin.video.tviplayer" name="TVI Kodi Player" version="0.2.0" provider-name="darksky83">
  <requires>
    <import addon="xbmc.python" version="2.1.0"/>
  </requires>
  <extension point="xbmc.python.pluginsource" library="addon.py">
    <provides>video</provides>
  </extension>
  <extension point="xbmc.addon.metadata">
    <language>pt</language>
    <platform>all</platform>
    <summary lang="en">TVI Player addon for kodi</summary>
    <summary lang="pt">TVI Player addon para o Kodi</summary>
    <description lang="en">TVI Player on-demand tv broadcasts.</description>
    <description lang="pt">Emissões em On-Demand da TVI Player.</description>
    <disclaimer lang="pt">Plugin independente e de código aberto não produzido pela TVI</disclaimer>
    <disclaimer lang="en">Independent and opensource plugin not endorsed by TVI</disclaimer>
    <source>https://github.com/darksky83/plugin.video.tviplayer</source>
    <website>http://tviplayer.iol.pt/</website>
    <platform>all</platform>
  </extension>
</addon>
